/*
SQLyog Ultimate v11.24 (32 bit)
MySQL - 5.6.20-enterprise-commercial-advanced : Database - blog
*********************************************************************
*/

/*!40101 SET NAMES utf8 */;

/*!40101 SET SQL_MODE=''*/;

/*!40014 SET @OLD_UNIQUE_CHECKS=@@UNIQUE_CHECKS, UNIQUE_CHECKS=0 */;
/*!40014 SET @OLD_FOREIGN_KEY_CHECKS=@@FOREIGN_KEY_CHECKS, FOREIGN_KEY_CHECKS=0 */;
/*!40101 SET @OLD_SQL_MODE=@@SQL_MODE, SQL_MODE='NO_AUTO_VALUE_ON_ZERO' */;
/*!40111 SET @OLD_SQL_NOTES=@@SQL_NOTES, SQL_NOTES=0 */;
CREATE DATABASE /*!32312 IF NOT EXISTS*/`blog` /*!40100 DEFAULT CHARACTER SET utf8 */;

USE `blog`;

/*Table structure for table `article` */

DROP TABLE IF EXISTS `article`;

CREATE TABLE `article` (
  `id` int(4) NOT NULL AUTO_INCREMENT COMMENT 'ID',
  `t_id` int(4) NOT NULL COMMENT '文章类型ID',
  `title` varchar(40) COLLATE utf8_bin DEFAULT NULL COMMENT '标题',
  `author` varchar(20) COLLATE utf8_bin DEFAULT NULL COMMENT '作者',
  `content` text COLLATE utf8_bin COMMENT '内容',
  `scan` int(4) DEFAULT '0' COMMENT '浏览量',
  `time` date DEFAULT NULL COMMENT '发表时间',
  PRIMARY KEY (`id`),
  KEY `tid` (`t_id`)
) ENGINE=InnoDB AUTO_INCREMENT=51 DEFAULT CHARSET=utf8 COLLATE=utf8_bin;

/*Data for the table `article` */

insert  into `article`(`id`,`t_id`,`title`,`author`,`content`,`scan`,`time`) values (1,4,'明月依旧照晴窗','顶顶顶','心里，一直是渴望温暖的，无论是在无人的路上，还是在萧瑟的季节，我都依着阳光而行，冬真的来了，季节的辗转，谁又能阻挡的了呢？寒来暑往，草木荣枯，都是自然，北方的冬天，有着难以阻挡的的寒意，却也是清清爽爽。\r\n　　\r\n　　安妮宝贝说，总是需要一些温暖，哪怕是一点点自以为是的纪念。是的，只要依着阳光而行，流年的风起雨落，人来人往，不论是尘封，或者收藏，都会成为最美的景致。\r\n　　\r\n　　冬日的午后，依然有温暖的阳光透近落地窗，虽不及秋阳的热烈，却也是安暖。年少的时候，没觉得时光太匆匆，而今，小半生过去了，日子有痕，亦无痕，文字里有山水，心里有暖，又何惧一夜寒风来，让心中的温润，与光阴共存，那些生命中的遇见，依然是清水涤心般的美好。\r\n　　\r\n　　也曾因贪恋一米阳光的暖，在江南的草长莺飞处，期待细雨小巷中遇见的诗意；也曾为了那抹似曾相识的笑容，于百转千回处，将带着栀子花香息的花期，开到荼靡花事了。\r\n　　\r\n　　流光最易把人抛，那些红了樱桃，绿了芭蕉，终是一池宁静的春水，在泛黄的篇章里，种植柔软和温暖，成了寂寂流年里，春风化雨的景致，于曲径通幽处，书写着云淡风清的留白。\r\n　　\r\n　　往事，是一朵消瘦的花，终会在流年的风中，渐行渐远渐生凉。那些飘零的花瓣，会疼了谁的心？那掌心捧着的念，要走多远，才会透彻和清凉？我相信，世间所有的相遇，都是久别重逢，说过感恩，也道过珍惜，而那些遗失的音符，从不书写静美的人间秋色，\r\n　　\r\n　　无眠的午夜，秋雨曾打湿了谁的眼？晨曦中采下的清露，会被谁，温柔念起？岁月忽已晚，落叶复旧于青葱，朝暮夕斜，一切也都会远走。而我们，只需做一个最温暖的过客。\r\n　　\r\n　　或许这世上的万千风景，转身不过是刹那，可总有一朵花，曾开在心上；总有一棵草木，曾温柔相待过；总有一幅画，是一笔一笔用心着墨的。既然繁华世间任何一种缘分，都会以特有的方式展现，那么遇见，亦是欢喜的，花开花落也都是美丽。\r\n　　\r\n　　始终相信，每一个从生命里走过的人，都是和自己有缘的，每一个曾发生的故事，都是岁月的铭记。感恩，是最美的晨语，懂得，是灵犀的阶梯，你若要远行，我送你一程好山好水，这一路的风景，不必记取太多，只需记得，那一首叫做遇见的诗，也曾有过温暖，也曾千回百转。\r\n　　\r\n　　有些话，说与不说，彼此都懂，不语最深；有些人，来与不来，都在心里，相念最真；有些情，恋与不恋，都是温暖，遇见最美。红尘三千丈，抵不过年华似水，多少故事，在轮回中化作春泥；多少真情，在冷暖中融入飞雪，一念心伤，一念明媚，那些心灵相伴走过的日子，终是让流年盈香满怀。\r\n　　\r\n　　红尘陌上，百媚千红，只是写意的一处风景，人生有无数的驿站，微笑着遇见，微笑着与过往道别离，伸手，捡拾一片爱的花瓣，为你，储存一抹心香，让生命，在遇见里欣喜，让眼眸，在芬芳中嫣然。多少年华如水，将执念写成铭心刻骨，多少过往成诗，将流水落花写成美丽。\r\n　　\r\n　　这山高水长的路，终会将有些美好沉淀，妥贴安放在心底，就如那年少的光阴，丝丝缕缕都恰到好处，还有遇见喜欢的那个人时，心底的那份柔软和期待，仿佛沾满了春雨的轻盈和温润。\r\n　　\r\n　　缘如水，终会有聚散，但那些值得怀念的过往，都将成为生命中不可复制的风景，在岁月的长河里淡淡留痕，在苍白的记忆中开出温馨的花朵，再遥远的路，都会因为这些细碎的情意而温暖。\r\n　　\r\n　　生命的路上，总是离不开悲喜，因为经历，所以懂得，不是所有的梦，都有期待，有多少情，是合不拢的念；有多少人，成了隔水观望的花，百转千回后，渐渐学会了背对着人群哭，转过身微笑，学会了将心事，不动声色的尘封和隐藏，有些过往，要用坚强来支撑，\r\n　　\r\n　　每一次，盈盈转身的背后，曾有着怎样的伤痛和隐忍，那些曾开在心里的花，是怎样的盛开和芬芳，又是怎样的荒芜与凋零，到最后，已无关风月。长路迢迢，终会遇见和抵达，将那些红尘际遇，轻轻铭记，愿今生安好妥贴，心，不再会颠沛流离。\r\n　　\r\n　　时光辗转，将旧时的印记，昨日的夏花，渐渐的融于岁月深处，水漾的波动，终究会归于平静。尘封的情愫，是心底流淌的一江春水，氤氲着冷暖交织的岁月。\r\n　　\r\n　　光阴，有时会有点清淡，一个人的路途，终是静寂的，静寂的有些荒芜，无需感叹，只需，在心中种上太阳，命运，总会将一些故事，安排的井井有条，于于峰回路转处给你明媚与温暖。\r\n　　\r\n　　一朵花，开在春天，是美好；一片绿叶，映入眼帘，是清新；一个人，放在心中，是牵念。这世间，总有一处风景，虽途径万千，看过便不忘；总有一个人，虽历经千回百转，遇见便不悔；尘封，是初识的模样，而感动，却是心中的永远，那些回眸嫣然，便是相遇的那一树暖。\r\n　　\r\n　　或许，时光的眼眸从不会为谁书写永远，所有的过往，有一天都会消失在这一路的绿肥红瘦里，道一声，岁月安好，把心花种在生命的阳光里，绽放一份玲珑而婉转的情意。愿用若水的清浅，换取你今生晴好，此份懂得，岁月长留。\r\n　　\r\n　　有一种遇见，注定会错过，却是生命中最深的铭记；有一种花，注定不会结果，却是人生路上的芬芳；有一些故事，注定没有结局，却是红尘最美的写意，唯只愿，冬雪如诗，秋日静美，明月依旧照晴窗。\r\n　　\r\n　　——春暖花开首本文集《聆听，花开的声音》正在签名售书中，如有收藏者请联系花开电话13943266107QQ2273811825\r\n　　',84,'2014-11-29'),(2,4,'力 量','张烈','每个人的成功都需要一定力量来支持自己，坚守自己的信念。力量的来源不尽相同，但我最相信来自于自身的力量是最无穷的。\r\n　　\r\n　　曾经有一个很知名的人在某所学校中，随机抽取了十个孩子的名字，并说他们很聪明，一定能成才。这十个孩子中有成绩好的，也有成绩不好的，有乖的，也有不乖的。但是最后他们全部成了才，这就是来自于自身的力量。知名人士的一番话给了这些孩子们强大的心理暗示，他们相信自己一定能成功，于是，他们有了自信。这些强大的心理暗示给了孩子们的力量，而这些力量又激发了他们自己并未发掘的力量，而他们最终依靠自己的力量取得了成功。其实，像那些孩子们一样，我们都像是未开发的宝藏，自己到底力量有多大，或许我们自己也不知道。积极的心理暗示可以让我们释放自己的力量。来自于他人的力量毕竟是短暂的，只有来自于自身的力量才是无穷的。\r\n　　\r\n　　既然人自身的力量是无穷的，那么我们就要学会利用，开发他们。要想我们自身的力量开发出来，就必须要自信，不管自身来源于何处，总之一定要自信。只有自己相信自己，那么你才会觉得自己浑身仿佛都充满了力量。由于自信，你会在心里默默告诉自己我是最棒的，此时肯定有大量力量喷涌而出来为你证明你是最棒的。力量不仅来源于自信，而且还源于别人的暗示。有时候，当我们处于绝望之时，一个权威的人，给了我们信心，给了我们一个积极的暗示，给了我们有益的鼓励，这时，我们便觉得自己并不是一无是处。出于对那些权威的人的信任，我们便由相信他们转而变成了相信自己。所以，当我们没有自信的时候，他人的暗示也能帮我们释放自身的力量。自身的力量是无穷的，是连我们自己也无法估量的，只有我们有了自信，再或者有了他人的暗示，我们一定能找到自己，发现自己的优点长处，我们一定会走向成功，取得胜利。\r\n　　\r\n　　力量是无穷的，来自于自身的力量更是无穷的。如果我们可以开发出自身的潜能，相信一定会迎来胜利的曙光。\r\n　　\r\n　　相信自己的力量，相信明天！\r\n　　',108,'2014-11-29'),(3,1,'九项注意预防鼠标手','张磊','&nbsp;&nbsp;&nbsp;&nbsp;&nbsp;&nbsp;&nbsp; 现代人每天长时间使用电脑，双手每天重复着在键盘上打字、频繁移动点击鼠标，玩电脑游戏的话，手腕部几乎处于震颤的紧张状态，都使得腕关节容易劳损，这都是由于过度使用电脑或是迷恋电脑游戏的并发症。除了工作中常用电脑的白领一族、办公室人员外，用手较多的出租车司机、教师、编辑记者、厨师等都是&ldquo;鼠标手&rdquo;的高发人群。&nbsp;<wbr></wbr><br />\r\n<font face=\"宋体\"><br />\r\n&nbsp;&nbsp;&nbsp;&nbsp;电脑操作需不停地在键盘上打字和移动鼠标，经常反复机械地点击鼠标，会使右手食指及连带的肌肉、神经、韧带处于一种没有间歇的疲劳状态中，使腕管内神经受到损伤或压迫，导致神经传导被阻断。从而造成手掌的感觉与运动发生障碍。另外，肘部经常低于手腕，而手高高地抬着，神经和肌腱经常被过度牵拉、压迫，手就会开始发麻，手指失去灵活性，经常关节痛。手指频繁地用力，还会使手及相关部位的神经、肌肉因过度疲劳而受损，造成缺血缺氧而出现麻木等一系列症状。而这种病症也迅速成为一种日渐普遍的现代文明病&mdash;&mdash;&ldquo;鼠标手&rdquo;！&nbsp;<br />\r\n<br />\r\n&nbsp;&nbsp;&nbsp; </font><font face=\"宋体\">其实，&ldquo;鼠标手&rdquo;只是通俗的说法，医学上称之为&ldquo;腕管综合征&rdquo;。我们的手腕掌根部当中有个由腕横韧带、腕骨、结缔组织形成的通道，这个通道叫腕管，它就像一个隧道，除有娇嫩的正中神经通过外，还有多条屈腕、屈指的肌腱通过。当腕关节反复、过度的活动时，会使腕管内的韧带、腱鞘磨损增厚。当内容物出现炎症水肿时，腕管内空间小了，就会使里面的正中神经受到挤压，自然就出现了手部麻木、疼痛的反应。&nbsp;<br />\r\n<br />\r\n</font><wbr></wbr><font face=\"宋体\">&nbsp;&nbsp;&nbsp;&nbsp;&ldquo;腕管综合征&rdquo;还是正中神经在腕部受到压迫所导致的症候群。正中神经受压后，受正中神经所&ldquo;指挥&rdquo;的三个手指，拇指、食指、中指会首先产生疼痛和麻木，甚至整个手部逐渐麻木、灼痛、腕关节肿胀、手动作不灵活、无力等症状，到了晚上，疼痛会加剧，甚至让患者从梦中痛醒，重者受其支配的肌肉萎缩，主要是大鱼际处屈、展拇指的肌肉损伤，导致拇指不能对掌，拇指与食指对指无力、手指不能分开与并拢等症状，非常像我们的老祖宗&mdash;&mdash;猿的手，俗称&ldquo;猿手&rdquo;。随着症状加重，可能会发展到不能持物、开车和穿衣。手部肌肉变白，手部功能发生不可逆损伤。严重的可能会出现永久性手部残疾。除了&ldquo;腕管综合征&rdquo;外，前臂尺侧靠在桌沿、小鱼际与鼠标、桌子的摩擦亦可造成尺神经的损害，而出现前臂尺侧、小指的疼痛、麻木！而类似玩游戏似的高速点击鼠标也会造成肌腱、腱鞘的劳损发炎！ </font><wbr></wbr><font face=\"宋体\">&nbsp;&nbsp;&nbsp;&nbsp;现代人每天长时间使用电脑，双手每天重复着在键盘上打字、频繁移动点击鼠标，玩电脑游戏的话，手腕部几乎处于震颤的紧张状态，都使得腕关节容易劳损，这都是由于过度使用电脑或是迷恋电脑游戏的并发症。除了工作中常用电脑的白领一族、办公室人员外，用手较多的出租车司机、教师、编辑记者、厨师等都是&ldquo;鼠标手&rdquo;的高发人群。&nbsp;</font><wbr></wbr><font face=\"宋体\">&nbsp;&nbsp;&nbsp;&nbsp;<br />\r\n<br />\r\n&nbsp;&nbsp;&nbsp; &ldquo;鼠标手&rdquo;不是一天练成的，在日常生活中需要经常使用电脑的人，以下措施对避免鼠标手有一些帮助：&nbsp;</font><wbr></wbr><font face=\"宋体\">&nbsp;&nbsp;&nbsp;&nbsp;<br />\r\n&nbsp;&nbsp;&nbsp;&nbsp;<br />\r\n&nbsp;&nbsp;&nbsp;&nbsp; 1.键盘应放置在身体正前方中央位置，避免把键盘斜摆在一边，以与肘持平高度靠近键盘或使用鼠标，可以预防腕管受到过度牵拉；最好选用弧度较大、接触面较宽、有助于力分散的鼠标；&nbsp;</font><wbr></wbr><font face=\"宋体\">&nbsp;&nbsp;&nbsp;<br />\r\n<br />\r\n&nbsp;&nbsp;&nbsp; &nbsp;2.手腕尽可能平放姿势操作键盘，既不弯曲又不下垂； 打字时要正对着键盘，否则容易引起手腕过度紧绷；&nbsp;</font><wbr></wbr><font face=\"宋体\">&nbsp;&nbsp;&nbsp;<br />\r\n<br />\r\n&nbsp; &nbsp;&nbsp;&nbsp;3.肘部工作角度应大于90度，以避免肘内正中神经受压；&nbsp;</font><wbr></wbr><font face=\"宋体\">&nbsp;&nbsp;&nbsp;&nbsp;<br />\r\n<br />\r\n&nbsp;&nbsp; &nbsp; 4.前臂和肘部应尽量贴近身体，并尽可能放松，以免使用鼠标时身向前倾；&nbsp;</font><wbr></wbr><font face=\"宋体\">&nbsp;&nbsp;&nbsp;<br />\r\n<br />\r\n&nbsp;&nbsp;&nbsp; &nbsp;5.确保使用鼠标时手腕伸直，手臂不要悬空，移动鼠标时尽量使用臂力，避免使用腕力。坐姿挺直并最好使用背垫，应坐硬椅后背紧靠椅背，双脚应平放地面或脚垫上；&nbsp;</font><wbr></wbr><font face=\"宋体\">&nbsp;&nbsp;&nbsp;<br />\r\n<br />\r\n&nbsp;&nbsp;&nbsp; &nbsp;6.显示屏放置在身体前面的高度以不使头部上下移动为宜，当坐正之后，双眼应与屏幕处于平行直线上，确保显示屏的亮度适中；<br />\r\n&nbsp;&nbsp; <br />\r\n&nbsp;&nbsp;&nbsp; &nbsp;</font><wbr></wbr><font face=\"宋体\">7.操作鼠标30分钟，即应该休息片刻。工作期间经常伸展和松弛操作手，可缓慢弯曲手腕，每小时反复做10秒钟；也可每小时持续做10秒钟的握拳活动；&nbsp;<br />\r\n</font><wbr></wbr><font face=\"宋体\"><br />\r\n&nbsp;&nbsp;&nbsp; &nbsp;8.坐时要注意挺胸，不要含胸驼背，背部最好紧靠在椅背上。双腿不要交叉或跷二郎腿，以免使血液循环受阻，影响局部血液供应；&nbsp;<br />\r\n<br />\r\n</font><wbr></wbr><font face=\"宋体\">&nbsp;&nbsp;&nbsp; &nbsp;9.使用快捷键等小技巧，左右手替换着使用鼠标，使用灵活轻快的鼠标，笔记本和台式机换着用等也是权宜之计。&nbsp;<br />\r\n<br />\r\n</font><wbr></wbr><font face=\"宋体\">&nbsp;&nbsp; &nbsp;&nbsp;已患&ldquo;鼠标手&rdquo;，则要积极治疗，充分休息，可作理疗、外抹消炎止痛的药物、局部封闭。正中神经是手部最重要的神经，因其支配最重要的大拇指，受压严重、保守治疗无效的必须及早作微型手术或直接切开腕横韧带减压，神经的损伤要及早采取措施，否则难以恢复！</font>',86,'2015-04-18'),(4,4,'飘雪的情思','张磊','清晨，映入眼帘是漫天漫地的雪白，这是入冬以来的第二场雪了。雪越下越大，纷纷扬扬的雪花，是飘舞的精灵，乘着蒲公英的小伞，飘然地降落在人间。雪中的情思啊.....还有那留下我一串串脚印的回忆。\r\n　　\r\n　　题记---文/晨夕若梦\r\n　　\r\n　　（一）雪舞\r\n　　\r\n　　我轻倚窗前，欣赏一场雪花的舞蹈，晶莹的雪花是飘舞的彩蝶，在朦胧的天际间跳跃。风，树梢，屋脊，还有远处泛着绿意的松柏，交织成一场视觉的盛宴，美丽是这场舞蹈的名字。\r\n　　\r\n　　静雪飞舞，像烟一样轻，像银一样白，像玉一样盈，在风的吹拂下，不断地拍打着窗户，你舒展着轻盈的舞姿，和这风的旋律在空中翩翩起舞。\r\n　　\r\n　　雪，越大越大，是乎没有停下来的意思。雪，如柳絮般的飘扬，更像洁白的羽毛吹来了瓣瓣梨花瓣，零零落落，扬扬洒洒，是舞动的精灵，纷然而至，不一会地上的雪，变厚了，顺着窗外，小区前，谁家的孩子不怕寒冷，在雪地上堆起了雪人，欢呼着，雀跃着，搓着冻的通红的小手，在雪地上追逐，嬉戏。\r\n　　\r\n　　在这无限遐思和感怀的季节，让一颗浮躁的心，随着雪花一起舞蹈，生活忙碌，学会在雪中学一份情怀，学会为心灵减压，在雪中倾听一份感悟，听雪，也听心，与雪花深情的凝视中，让心中开出一朵禅意的莲！\r\n　　\r\n　　（二）雪心\r\n　　\r\n　　我喜欢飘雪的日子，雪花，有一颗素雅的心，不描红装，不思粉戴，你是一位穿着洁白衣裙的仙子，裙袂飘飘，所到之处，把整个世界装扮的银装素裹，如同走进了童话的世界。\r\n　　　　\r\n　　还记得小时候，每当下雪的日子，我都会情不自尽地跑到户外，伸手去接住每一片雪花，我只想看看雪花的模样，看你六角的花瓣中，是不是藏着一颗远离喧嚣的素心，你纯洁的，素雅的，玲珑的心，不求回报，用爱装扮着大地。\r\n　　\r\n　　那只是童年的记忆，天真的想法，也如同雪一样藏着一颗素雅的心。\r\n　　\r\n　　雪花啊，你可曾知道，你的莅临让我寻到童年的记忆，幸福的片段，定格在那冻的通红的小脸里，和一张张童年的老照片里。无法复制的幸福，一段馨香的过往，写满童年时的回忆。\r\n　　\r\n　　我爱雪花，爱你的洁白素雅，爱你的粉装玉砌，你是冬天里的思恋，将我一颗浮躁的心慢慢抚平，写下一笺季节的心语，过滤掉人世间那些色彩斑斓的诱惑，那些痛彻心扉的烦恼与忧愁，将心归于平静，洁白的雪，洗涤掉俗世的喧嚣与过往的不快，宁静而致远，飘雪啊，我把思念寄给你，你带着我的情思，踏着典雅的韵律来赴我梦中的邀约，可好！\r\n　　\r\n　　（二）雪梦\r\n　　\r\n　　雪花，是北国之魂。我喜欢与雪相拥，喜欢踏雪而行，喜欢聆听踩在脚下的雪发出的吱吱嘎嘎的声音。飘雪，你可曾懂得我的情思，我的心里装着一首不老歌，编织着我的梦想，摇曳着我的情思。\r\n　　\r\n　　我一直在想，雪花啊，你是不是上天派来的信使，你带着吉祥来的，你带着祝福来的，你带着一颗宁静的心，把一份简约，素雅留在人间。\r\n　　\r\n　　一花一世界，一树一菩提，我是寻梦的蝶，寻我前生未了的相约。\r\n　　\r\n　　静静地聆听，聆听着雪舞的声音，于静谧中让心灵沉淀，轻亮的眸子中，静静地凝望着天与地那绝尘的爱恋！\r\n　　\r\n　　雪，纷纷扰扰，晶莹的，缠绵的，一直下个不停.....\r\n　　',72,'2011-11-29'),(5,3,'java验证码生成方法(带中文哦)','张磊','<p>效果图:&nbsp; <br />\r\n<img alt=\"\" width=\"100\" height=\"40\" src=\"/FCKUploadFiles/Image/varcode/varcode.gif\" /><br />\r\n<br />\r\n代码:<br />\r\nPictureCheckCode.java</p>\r\n<p>import java.awt.BasicStroke;<br />\r\nimport java.awt.Color;<br />\r\nimport java.awt.Font;<br />\r\nimport java.awt.Graphics;<br />\r\nimport java.awt.Graphics2D;<br />\r\nimport java.awt.geom.AffineTransform;<br />\r\nimport java.awt.geom.Line2D;<br />\r\nimport java.awt.image.BufferedImage;<br />\r\nimport java.io.IOException;<br />\r\nimport java.util.Random;</p>\r\n<p>import javax.imageio.ImageIO;<br />\r\nimport javax.servlet.ServletException;<br />\r\nimport javax.servlet.http.HttpServlet;<br />\r\nimport javax.servlet.http.HttpServletRequest;<br />\r\nimport javax.servlet.http.HttpServletResponse;<br />\r\nimport javax.servlet.http.HttpSession;</p>\r\n<p>import com.tools.MD5;</p>\r\n<p>public class PictureCheckCode extends HttpServlet{</p>\r\n<p>&nbsp;private static final long serialVersionUID = 1L;<br />\r\n&nbsp;<br />\r\n&nbsp;private Random rand=new Random();<br />\r\n&nbsp;<br />\r\n&nbsp;<br />\r\n&nbsp;/**<br />\r\n&nbsp; * 生成随机颜色<br />\r\n&nbsp; * <br />\r\n&nbsp; * @param&nbsp;&nbsp; start&nbsp; [int]<br />\r\n&nbsp; * @param&nbsp;&nbsp; end&nbsp;&nbsp;&nbsp; [int]<br />\r\n&nbsp; * @return&nbsp; Color&nbsp; [object]<br />\r\n&nbsp; */<br />\r\n&nbsp;public Color getRandColor(int start,int end){<br />\r\n&nbsp;&nbsp;int randNum;<br />\r\n&nbsp;&nbsp;if(start&gt;255) start=255;<br />\r\n&nbsp;&nbsp;if(end&gt;255) end=255;<br />\r\n&nbsp;&nbsp;if(start&gt;end) randNum=start-end;<br />\r\n&nbsp;&nbsp;else randNum=end-start;<br />\r\n&nbsp;&nbsp;int r=start+rand.nextInt(randNum);<br />\r\n&nbsp;&nbsp;int g=start+rand.nextInt(randNum);<br />\r\n&nbsp;&nbsp;int b=start+rand.nextInt(randNum);<br />\r\n&nbsp;&nbsp;return new Color(r,g,b);<br />\r\n&nbsp;}<br />\r\n&nbsp;<br />\r\n&nbsp;<br />\r\n&nbsp;/**<br />\r\n&nbsp; * 着色\\旋转\\缩放<br />\r\n&nbsp; * <br />\r\n&nbsp; * @param word 文字<br />\r\n&nbsp; * @param g&nbsp;&nbsp;&nbsp; 图片对象<br />\r\n&nbsp; */<br />\r\n&nbsp;public void coloredAndRotation(String word,int i,Graphics g){<br />\r\n&nbsp;&nbsp;/**着色**/<br />\r\n&nbsp;&nbsp;g.setColor(new Color(20+rand.nextInt(110),20+rand.nextInt(110),20+rand.nextInt(110)));<br />\r\n&nbsp;&nbsp;/**旋转**/<br />\r\n&nbsp;&nbsp;Graphics2D g2d=(Graphics2D)g;<br />\r\n&nbsp;&nbsp;AffineTransform trans=new AffineTransform();<br />\r\n&nbsp;&nbsp;trans.rotate(rand.nextInt(45)*3.14/180,15*i+8,7);<br />\r\n&nbsp;&nbsp;/**缩放**/<br />\r\n&nbsp;&nbsp;float scaleSize=rand.nextFloat()+0.8f;<br />\r\n&nbsp;&nbsp;if(scaleSize&gt;1f) scaleSize=1f;<br />\r\n&nbsp;&nbsp;trans.scale(scaleSize, scaleSize);<br />\r\n&nbsp;&nbsp;g2d.setTransform(trans);<br />\r\n&nbsp;&nbsp;g.drawString(word,15*i+20,20);<br />\r\n&nbsp;}<br />\r\n&nbsp;<br />\r\n&nbsp;/**<br />\r\n&nbsp; * 生成100条干扰线<br />\r\n&nbsp; * <br />\r\n&nbsp; * @param g2d<br />\r\n&nbsp; * @param width<br />\r\n&nbsp; * @param height<br />\r\n&nbsp; */<br />\r\n&nbsp;public void getRandLine(Graphics2D g2d,int width,int height){<br />\r\n&nbsp;&nbsp;for(int i=0;i&lt;100;i++){<br />\r\n&nbsp;&nbsp;&nbsp;int x=rand.nextInt(width-1);<br />\r\n&nbsp;&nbsp;&nbsp;int y=rand.nextInt(height-1);<br />\r\n&nbsp;&nbsp;&nbsp;int z=rand.nextInt(6)+1;<br />\r\n&nbsp;&nbsp;&nbsp;int w=rand.nextInt(12)+1;<br />\r\n&nbsp;&nbsp;&nbsp;<br />\r\n&nbsp;&nbsp;&nbsp;BasicStroke bs=new BasicStroke(2f,BasicStroke.CAP_BUTT,BasicStroke.JOIN_BEVEL);<br />\r\n&nbsp;&nbsp;&nbsp;Line2D line=new Line2D.Double(x,y,x+z,y+w);<br />\r\n&nbsp;&nbsp;&nbsp;g2d.setStroke(bs);<br />\r\n&nbsp;&nbsp;&nbsp;g2d.draw(line);<br />\r\n&nbsp;&nbsp;}<br />\r\n&nbsp;}<br />\r\n&nbsp;<br />\r\n&nbsp;/**<br />\r\n&nbsp; * 获取随机文字<br />\r\n&nbsp; * <br />\r\n&nbsp; * @param&nbsp; length [int]&nbsp;&nbsp;&nbsp;&nbsp;&nbsp;&nbsp;&nbsp; 验证码长度<br />\r\n&nbsp; * @param&nbsp; g&nbsp;&nbsp;&nbsp;&nbsp;&nbsp; [Graphics]&nbsp;&nbsp; 图片对象<br />\r\n&nbsp; * @return String<br />\r\n&nbsp; * @case1:A-Z<br />\r\n&nbsp; * @case2:chinese<br />\r\n&nbsp; * @default:0-9<br />\r\n&nbsp; */<br />\r\n&nbsp;@SuppressWarnings(&quot;unused&quot;)<br />\r\n&nbsp;public String getRandWord(int length,Graphics g){<br />\r\n&nbsp;&nbsp;String finalWord=&quot;&quot;,firstWord=&quot;&quot;;<br />\r\n&nbsp;&nbsp;int tempInt=0;<br />\r\n&nbsp;&nbsp;String[] array={<br />\r\n&nbsp;&nbsp;&nbsp;&nbsp;&quot;0&quot;,&quot;1&quot;,&quot;2&quot;,&quot;3&quot;,<br />\r\n&nbsp;&nbsp;&nbsp;&nbsp;&quot;4&quot;,&quot;5&quot;,&quot;6&quot;,&quot;7&quot;,<br />\r\n&nbsp;&nbsp;&nbsp;&nbsp;&quot;8&quot;,&quot;9&quot;,&quot;a&quot;,&quot;b&quot;,<br />\r\n&nbsp;&nbsp;&nbsp;&nbsp;&quot;c&quot;,&quot;d&quot;,&quot;e&quot;,&quot;f&quot;};<br />\r\n&nbsp;&nbsp;<br />\r\n&nbsp;&nbsp;for(int i=0;i&lt;length;i++){<br />\r\n&nbsp;&nbsp;&nbsp;switch(rand.nextInt(2)){<br />\r\n&nbsp;&nbsp;&nbsp;&nbsp;case 1:<br />\r\n&nbsp;&nbsp;&nbsp;&nbsp;&nbsp;&nbsp;tempInt=rand.nextInt(26)+65;<br />\r\n&nbsp;&nbsp;&nbsp;&nbsp;&nbsp;&nbsp;firstWord=String.valueOf((char)tempInt);<br />\r\n&nbsp;&nbsp;&nbsp;&nbsp;&nbsp;&nbsp;break;<br />\r\n&nbsp;&nbsp;&nbsp;&nbsp;/*case 2:<br />\r\n&nbsp;&nbsp;&nbsp;&nbsp;&nbsp;&nbsp;int r1,r2,r3,r4;<br />\r\n&nbsp;&nbsp;&nbsp;&nbsp;&nbsp;&nbsp;String strH,strL;//high&amp;low<br />\r\n&nbsp;&nbsp;&nbsp;&nbsp;&nbsp;&nbsp;r1=rand.nextInt(3)+11; //前闭后开[11,14)<br />\r\n&nbsp;&nbsp;&nbsp;&nbsp;&nbsp;&nbsp;if(r1==13){<br />\r\n&nbsp;&nbsp;&nbsp;&nbsp;&nbsp;&nbsp;&nbsp;r2=rand.nextInt(7);<br />\r\n&nbsp;&nbsp;&nbsp;&nbsp;&nbsp;&nbsp;}else{<br />\r\n&nbsp;&nbsp;&nbsp;&nbsp;&nbsp;&nbsp;&nbsp;r2=rand.nextInt(16);<br />\r\n&nbsp;&nbsp;&nbsp;&nbsp;&nbsp;&nbsp;}<br />\r\n&nbsp;&nbsp;&nbsp;&nbsp;&nbsp;&nbsp;<br />\r\n&nbsp;&nbsp;&nbsp;&nbsp;&nbsp;&nbsp;r3=rand.nextInt(6)+10;<br />\r\n&nbsp;&nbsp;&nbsp;&nbsp;&nbsp;&nbsp;if(r3==10){<br />\r\n&nbsp;&nbsp;&nbsp;&nbsp;&nbsp;&nbsp;&nbsp;r4=rand.nextInt(15)+1;<br />\r\n&nbsp;&nbsp;&nbsp;&nbsp;&nbsp;&nbsp;}else if(r3==15){<br />\r\n&nbsp;&nbsp;&nbsp;&nbsp;&nbsp;&nbsp;&nbsp;r4=rand.nextInt(15);<br />\r\n&nbsp;&nbsp;&nbsp;&nbsp;&nbsp;&nbsp;}else{<br />\r\n&nbsp;&nbsp;&nbsp;&nbsp;&nbsp;&nbsp;&nbsp;r4=rand.nextInt(16);<br />\r\n&nbsp;&nbsp;&nbsp;&nbsp;&nbsp;&nbsp;}<br />\r\n&nbsp;&nbsp;&nbsp;&nbsp;&nbsp;&nbsp;<br />\r\n&nbsp;&nbsp;&nbsp;&nbsp;&nbsp;&nbsp;strH=array[r1]+array[r2];<br />\r\n&nbsp;&nbsp;&nbsp;&nbsp;&nbsp;&nbsp;strL=array[r3]+array[r4];<br />\r\n&nbsp;&nbsp;&nbsp;&nbsp;&nbsp;&nbsp;<br />\r\n&nbsp;&nbsp;&nbsp;&nbsp;&nbsp;&nbsp;byte[] bytes=new byte[2];<br />\r\n&nbsp;&nbsp;&nbsp;&nbsp;&nbsp;&nbsp;bytes[0]=(byte)(Integer.parseInt(strH,16));<br />\r\n&nbsp;&nbsp;&nbsp;&nbsp;&nbsp;&nbsp;bytes[1]=(byte)(Integer.parseInt(strL,16));<br />\r\n&nbsp;&nbsp;&nbsp;&nbsp;&nbsp;&nbsp;<br />\r\n&nbsp;&nbsp;&nbsp;&nbsp;&nbsp;&nbsp;firstWord=new String(bytes);<br />\r\n&nbsp;&nbsp;&nbsp;&nbsp;&nbsp;&nbsp;break;*/<br />\r\n&nbsp;&nbsp;&nbsp;&nbsp;default:<br />\r\n&nbsp;&nbsp;&nbsp;&nbsp;&nbsp;&nbsp;tempInt=rand.nextInt(10)+48;<br />\r\n&nbsp;&nbsp;&nbsp;&nbsp;&nbsp;&nbsp;firstWord=String.valueOf((char)tempInt);<br />\r\n&nbsp;&nbsp;&nbsp;&nbsp;&nbsp;&nbsp;break;<br />\r\n&nbsp;&nbsp;&nbsp;}<br />\r\n&nbsp;&nbsp;&nbsp;finalWord+=firstWord;<br />\r\n&nbsp;&nbsp;&nbsp;this.coloredAndRotation(firstWord,i, g);<br />\r\n&nbsp;&nbsp;}<br />\r\n&nbsp;&nbsp;<br />\r\n&nbsp;&nbsp;return finalWord;<br />\r\n&nbsp;}</p>\r\n<p>&nbsp;protected void service(HttpServletRequest request, HttpServletResponse response)<br />\r\n&nbsp;&nbsp;&nbsp;throws ServletException, IOException {<br />\r\n&nbsp;&nbsp;<br />\r\n&nbsp;&nbsp;//设制不缓存图片<br />\r\n&nbsp;&nbsp;response.setHeader(&quot;Pragma&quot;,&quot;No-cache&quot;);<br />\r\n&nbsp;&nbsp;response.setHeader(&quot;Cache-Control&quot;,&quot;No-cache&quot;);<br />\r\n&nbsp;&nbsp;response.setDateHeader(&quot;Expires&quot;,0);<br />\r\n&nbsp;&nbsp;<br />\r\n&nbsp;&nbsp;//生成图片<br />\r\n&nbsp;&nbsp;response.setContentType(&quot;image/jpeg&quot;);<br />\r\n&nbsp;&nbsp;int width=100;<br />\r\n&nbsp;&nbsp;int height=40;<br />\r\n&nbsp;&nbsp;BufferedImage image=new BufferedImage(width,height,BufferedImage.TYPE_INT_RGB);<br />\r\n&nbsp;&nbsp;<br />\r\n&nbsp;&nbsp;Graphics g=image.getGraphics();<br />\r\n&nbsp;&nbsp;Graphics2D g2d=(Graphics2D)g;<br />\r\n&nbsp;&nbsp;Font mFont=new Font(&quot;宋体&quot;,Font.BOLD,22);<br />\r\n&nbsp;&nbsp;g.setColor(this.getRandColor(200,250));<br />\r\n&nbsp;&nbsp;g.fillRect(0, 0, width, height);<br />\r\n&nbsp;&nbsp;g.setFont(mFont);<br />\r\n&nbsp;&nbsp;g.setColor(this.getRandColor(180,200));<br />\r\n&nbsp;&nbsp;<br />\r\n&nbsp;&nbsp;this.getRandLine(g2d, width, height);<br />\r\n&nbsp;&nbsp;<br />\r\n&nbsp;&nbsp;String randCode=this.getRandWord(4, g);<br />\r\n&nbsp;&nbsp;<br />\r\n&nbsp;&nbsp;HttpSession session=request.getSession();<br />\r\n&nbsp;&nbsp;session.setAttribute(&quot;randCode&quot;,MD5.code(randCode.toLowerCase()));<br />\r\n&nbsp;&nbsp;<br />\r\n&nbsp;&nbsp;g.dispose();<br />\r\n&nbsp;&nbsp;<br />\r\n&nbsp;&nbsp;ImageIO.write(image,&quot;JPEG&quot;,response.getOutputStream());<br />\r\n&nbsp;&nbsp;<br />\r\n&nbsp;}<br />\r\n}<br />\r\n<br />\r\n注:中文部分作者给省去了，读都可自己添加测试</p>',42,'2015-04-18'),(6,3,'MD5加密算法(java)','wu','<p><br />\r\n程序很简单,java的jar包把MD5算法做进去了<br />\r\n<br />\r\nimport java.security.*;</p>\r\n<p>public class MD5{<br />\r\n&nbsp;public final static String code(String s) {<br />\r\n&nbsp;&nbsp;char hexDigits[] = { &rsquo;0&rsquo;, &rsquo;1&rsquo;, &rsquo;2&rsquo;, &rsquo;3&rsquo;, &rsquo;4&rsquo;, &rsquo;5&rsquo;, &rsquo;6&rsquo;, &rsquo;7&rsquo;, &rsquo;8&rsquo;, &rsquo;9&rsquo;,&rsquo;a&rsquo;, &rsquo;b&rsquo;, &rsquo;c&rsquo;, &rsquo;d&rsquo;, &rsquo;e&rsquo;, &rsquo;f&rsquo; };<br />\r\n&nbsp;&nbsp;try {<br />\r\n&nbsp;&nbsp;&nbsp;byte[] strTemp = s.getBytes();<br />\r\n&nbsp;&nbsp;&nbsp;MessageDigest mdTemp = MessageDigest.getInstance(&quot;MD5&quot;);<br />\r\n&nbsp;&nbsp;&nbsp;mdTemp.update(strTemp);<br />\r\n&nbsp;&nbsp;&nbsp;byte[] md = mdTemp.digest();<br />\r\n&nbsp;&nbsp;&nbsp;int j = md.length;<br />\r\n&nbsp;&nbsp;&nbsp;char str[] = new char[j * 2];<br />\r\n&nbsp;&nbsp;&nbsp;int k = 0;<br />\r\n&nbsp;&nbsp;&nbsp;for (int i = 0; i &lt; j; i++) {<br />\r\n&nbsp;&nbsp;&nbsp;&nbsp;byte byte0 = md[i];<br />\r\n&nbsp;&nbsp;&nbsp;&nbsp;str[k++] = hexDigits[byte0 &gt;&gt;&gt; 4 &amp; 0xf];<br />\r\n&nbsp;&nbsp;&nbsp;&nbsp;str[k++] = hexDigits[byte0 &amp; 0xf];<br />\r\n&nbsp;&nbsp;&nbsp;}<br />\r\n&nbsp;&nbsp;&nbsp;return new String(str);<br />\r\n&nbsp;&nbsp;} catch (Exception e) {<br />\r\n&nbsp;&nbsp;&nbsp;return null;<br />\r\n&nbsp;&nbsp;}<br />\r\n&nbsp;}<br />\r\n&nbsp;<br />\r\n//&nbsp;public static void main(String[] args) {<br />\r\n//&nbsp;&nbsp;System.out.print(MD5.code(&quot;xxxx&quot;));<br />\r\n//&nbsp;}<br />\r\n//&nbsp;<br />\r\n}<br />\r\n&nbsp;</p>',81,'2011-08-14'),(7,4,'人生就是这样','wub','&nbsp;&nbsp;&nbsp;&nbsp;&nbsp;&nbsp;&nbsp; 有一对兄弟，他们的家住在80层楼上。有一天他们外出旅行回家，发现大楼停电了！虽然他们背着大包的行李，但看来没有什么别的选择，于是哥哥对弟弟说，我们就爬楼梯上去！于是，他们背着两大包行李开始爬楼梯。爬到20楼的时候他们开始累了，哥哥说&ldquo;包包太重了，不如这样吧，我们把包包放在这里，等来电后坐电梯来拿。&rdquo;于是，他们把行李放在了20楼，轻松多了，继续向上爬。<br />\r\n<br />\r\n<br />\r\n　　有人说，这个故事其实就是反映了我们的人生：20岁之前，我们活在家人、老师的期望之下，背负着很多的压力、包袱，自己也不够成熟、能力不足，因此步履难免不稳。20岁之后，离开了众人的压力，卸下了包袱，开始全力以赴地追求自己的梦想，就这样愉快地过了20年。可是到了40岁，发现青春已逝，不免产生许多的遗憾和追悔，于是开始遗憾这个、惋惜那个、抱怨这个、嫉恨那个.就这样在抱怨中度过了20年。到了60岁，发现人生已所剩不多，于是告诉自己不要在抱怨了，就珍惜剩下的日子吧！于是默默地走完了自己的余年。到了生命的尽头，才想起自己好象有什么事情没有完成.原来，我们所有的梦想都留在了20岁的青春岁月',52,'2011-08-14'),(8,1,'生活小常识','wu','1.吃了辣的东西，感觉就要被辣死了，就往嘴里放上少许盐，含一下，吐掉，漱下口，就不辣了。 <br />\r\n<br />\r\n2.牙齿黄，可以把花生嚼碎后含在嘴里，并刷牙三分钟，很有效。 <br />\r\n<br />\r\n3.若有小面积皮肤损伤或者烧伤、烫伤，抹上少许牙膏，可立即止血止痛。 <br />\r\n<br />\r\n4.经常装茶的杯子里面留下难看的茶渍，用牙膏洗之，非常干净。 <br />\r\n<br />\r\n5.仰头点眼药水时微微张嘴，这样眼睛就不会乱眨了。 <br />\r\n<br />\r\n6.嘴里有溃疡，就用维生素C贴在溃疡处，等它溶化后溃疡基本就好了。 <br />\r\n<br />\r\n7.眼睛进了小灰尘，闭上眼睛用力咳嗽几下，灰尘就会自己出来。 <br />\r\n<br />\r\n8.洗完脸后，用手指沾些细盐在鼻头两侧轻轻按摩，然后再用清水冲洗，黑头和粉刺就会清除干净，毛细孔也会变小。 <br />\r\n<br />\r\n9.刚刚被蚊子咬完时，涂上肥皂就不会痒了。&nbsp;&nbsp;&nbsp;&nbsp; <br />\r\n<br />\r\n10.如果嗓子、牙龈发炎了，在晚上把西瓜切成小块，沾着盐吃，记得一定要是晚上，当时症状就会减轻，第二天就好了。 <br />\r\n<br />\r\n11.吹风机对着标签吹，等吹到商标的胶热了，就可以很容易的把标签撕下来。 <br />\r\n<br />\r\n12.旅行带衣服时如果怕压起褶皱，可以把每件衣服都卷成卷。 <br />\r\n<br />\r\n13.打打嗝时就喝点醋，立杆见影。 <br />\r\n<br />\r\n14.吃了有异味的东西，如大蒜、臭豆腐，吃几颗花生米就好了。 <br />\r\n<br />\r\n15.治疗咳嗽，特别是干咳，晚上睡觉前，用纯芝麻香油煎鸡蛋，油放稍多些，什么调味料都不要放，趁热吃过就去睡觉，<br />\r\n连吃几天效果很明显。 <br />\r\n<br />\r\n16.手腕长粗的MM想带较细的手镯，就不能硬带，应把手上套上一个塑料袋再带上手镯，非常好带，也不会把手弄疼，取下<br />\r\n也是同样的方法。 <br />\r\n<br />\r\n17.栗子皮难剥，先把外壳剥掉，再把它放进微波炉转一下，拿出后趁热一搓，皮就掉了。 <br />\r\n<br />\r\n18.插花时，在水里滴上一滴洗洁精，可以维持好几天。 <br />\r\n<br />\r\n19.把核桃放进锅里蒸十分钟，取出放在凉水里再砸开，就能取出完整的桃核仁了。 <br />\r\n<br />\r\n20.把虾仁放进碗里，加一点精盐、食用碱粉，用手抓搓一会儿后用清水浸泡，然后再用清水冲洗，即能使炒出的虾仁透明<br />\r\n如水晶，爽嫩可口。 <br />\r\n<br />\r\n21.炒肉时，先把肉用小苏打水浸泡十几分钟，倒掉水，再入味，炒出来会很嫩滑。 <br />\r\n<br />\r\n22.将残茶叶浸入水中数天后，浇在植物根部，可促进植物生长。 <br />\r\n<br />\r\n23.把残茶叶晒干，放到厕所或者沟渠里燃熏，可消除恶臭，具有驱除蚊子苍蝇的功能。 <br />\r\n<br />\r\n24.夹生饭重煮法：可用筷子在饭内扎些直通锅底的孔，洒入少许黄酒重焖。 <br />\r\n<br />\r\n25.若只表面夹生，只要将表层翻到中间再焖即可。 <br />\r\n<br />\r\n26.巧除纱窗油腻：将洗衣粉、吸烟剩下的烟头一起放在水里，待溶解后，拿来擦玻璃窗、纱窗，效果真不错。 <br />\r\n<br />\r\n27.只要在珠宝盒中放上一节小小的粉笔，即可让首饰常保光泽。 <br />\r\n<br />\r\n28.桌子、瓶子表面的不干胶痕迹用风油精可以擦拭。 <br />\r\n<br />\r\n29.出门时随时在包里带一节小的干电池，若裙子带静电，就把电池的正极在裙子上面擦几下即可去掉静电。 <br />\r\n<br />\r\n30.不管是鞋子的哪个地方磨到了你的脚，你就在鞋子磨脚的地方涂一点点白酒，保证 就不磨脚了。 <br />\r\n<br />\r\n31.烹调蔬菜时，如果必须要焯，焯好菜的水最好尽量利用。如做水饺的菜，焯好的水可适量放在肉馅里，这样既保证营<br />\r\n养，又使水饺馅味美有汤。 <br />\r\n<br />\r\n32.夏天足部容易出汗，每天用淡盐水泡脚可有效应对汗脚。 <br />\r\n<br />\r\n33.夏天游泳后晒晒太阳，可防肌肤劳损等疾病发生。 <br />\r\n<br />\r\n34.夏天枕头易受潮滋生霉菌，时常曝晒枕芯有利健康。 <br />\r\n<br />\r\n35.多吃薏米小豆粥等潮湿健脾，可防暑湿。 <br />\r\n<br />\r\n36.防失眠：睡前少讲太多话，忌饮浓茶，睡前勿大用脑，可用热水加醋洗脚。 <br />\r\n<br />\r\n37.金银花有疏散风湿功效，金银花水煎取汁凉后与蜂蜜冲调可解暑。 <br />\r\n<br />\r\n38.吃过于肥腻的食物后喝茶，能刺激自律神经，促进脂肪代谢。 <br />\r\n<br />\r\n39.睡眠不足会变笨，一天需要睡眠八小时，有午睡习惯可延缓衰老。 <br />\r\n<br />\r\n40.双手易变得干燥粗糙，用醋泡手十分钟可护肤。 <br />\r\n<br />\r\n41.夏天擦拭凉席，用滴加了花露水的清水擦拭凉席，可使凉席保持清爽洁净。当然，擦拭时最好沿着凉席纹路进行，以便<br />\r\n花露水渗透到凉席的纹路缝隙，这样清凉舒适的感觉会更持久。 <br />\r\n<br />\r\n42.早餐多食西红柿、柠檬酸等酸性蔬菜和水果，有益于养肝。 <br />\r\n<br />\r\n43.爽身止痒洗头或洗澡时，在水中加五六滴花露水，能起到很好的清凉除菌、祛痱止痒作用。 <br />\r\n<br />\r\n44.葡萄含有睡眠辅助激素，常食有助睡眠。 <br />\r\n<br />\r\n45.夏天多喝番茄汤既可获得养料，又能补充水分，番茄汤应烧好并冷却后再喝，所含番茄红素有一定的抗前列腺癌和保护<br />\r\n心肌的功效，最适合于男子；吃酸性物质马上刷牙会损害牙齿健康。 <br />\r\n<br />\r\n46.因外伤碰破皮肉时，在伤处涂上牙膏进行消炎、止血，再包扎，作为临时急救药，以药物牙膏效果最为显著。 <br />\r\n<br />\r\n47.将白醋喷洒在菜板上，放上半小时后再洗，不但能杀菌，还能除味。 <br />\r\n<br />\r\n48.喝酸奶能解酒后烦躁，酸奶能保护胃黏膜、延缓酒精吸收，并且含钙丰富，对缓解酒后烦躁尤其有效。 <br />\r\n<br />\r\n49.皮鞋包皮放久了发霉时，可用软布蘸酒精加水（1：1）溶液擦拭即可。 <br />\r\n<br />\r\n50.发生头痛、头晕时，可在太阳穴涂上牙膏，因为牙膏含有薄荷脑、丁香油可镇痛。 <br />\r\n<br />\r\n51.蜡烛冷冻二十四小时后，再插到生日蛋糕上，点燃时不会流下烛油。 <br />\r\n<br />\r\n52.白色衣裤洗后易泛黄，可取一盆清水，滴上二三滴蓝墨水，将洗过的衣裤在浸泡一刻钟，不必拧干，就放在太阳下晒，<br />\r\n即可洁白干净。 <br />\r\n<br />\r\n53.过多食用生葱蒜会刺激口腔肠胃，不利健康，最好加一点醋再食用。 <br />\r\n<br />\r\n54.及时补充水分但应少喝果汁、可乐、雪碧、汽水等饮料，含有较多的糖精和电解质，喝多了会对肠胃产生不良刺激，影<br />\r\n响消化和食欲。因此夏天应多喝白开水或淡盐（糖）水。 <br />\r\n<br />\r\n55.每天早晨用豆腐摩擦面部几分钟，坚持一个月，面部会变得很滋润。 <br />\r\n<br />\r\n56.空调室内温差不宜超过五度，即使天气再热，空调室内温度也不宜到24度以下。 <br />\r\n<br />\r\n57.加酶洗衣粉剂放在温水中需要较长的分解时间才能使洗衣效果更佳。 <br />\r\n<br />\r\n58.夏天，人的活动时间变长，出汗多，耗能过大，应适当多吃鸡、鸭、瘦肉、鱼类、蛋类等营养食品，以满足人体的代谢<br />\r\n需要。 <br />\r\n<br />\r\n59.头痛时把苹果磨成泥状涂在纱布上，贴在头痛处，症状可减轻。 <br />\r\n<br />\r\n60.皮包上有污渍，可以用棉花蘸风油精擦拭。<br />\r\n<br />',67,'2011-08-22'),(9,3,'jQuery插件--轻量级编辑器','拒绝','<strong>Lightweight Rich Text Editor<br />\r\n<br />\r\n</strong>作者：biuuu，来源：<a target=\"_blank\" href=\"http://www.biuuu.com/?p=672\"><font color=\"#0064b0\">http://www.biuuu.com/?p=672</font></a><br />\r\n<br />\r\n轻量级的东西往往最受人欢迎，Lightweight Rich Text Editor这个基于jQuery轻量级编辑器，使用简单，但功能强大，所谓麻雀虽小五脏俱全，扩展性强，支持文件和图片上传功能等.<br />\r\n<br />\r\n<p>一.使用说明<br />\r\n1.jQuery1.2.6 或 1.3 文件</p>\r\n<p>2.Lightweight Rich Text Editor js库文件</p>\r\n<p>二.自定义编辑器CSS样式，Lightweight Rich Text Editor提供默认CSS样式，具体可看看下载包目录中的jquery.rte.css文件。</p>\r\n<p>三.使用实例<br />\r\n(1)包含文件部分</p>\r\n<ol>\r\n    <li>&lt;script type=&quot;text/javascript&quot; src=&quot;jquery.js&quot;&gt;&lt;/script&gt;</li>\r\n    <li>&lt;script type=&quot;text/javascript&quot; src=&quot;jquery.rte.js&quot;&gt;&lt;/script&gt;</li>\r\n    <li>&lt;script type=&quot;text/javascript&quot; src=&quot;jquery.rte.tb.js&quot;&gt;&lt;/script&gt;</li>\r\n    <li>&lt;script type=&quot;text/javascript&quot; src=&quot;jquery.ocupload-1.1.4.js&quot;&gt;&lt;/script&gt;</li>\r\n</ol>\r\n<p>(2)HTML部分</p>\r\n<ol>\r\n    <li>&lt;textarea name=&quot;form[info1]&quot; cols=&quot;100&quot; rows=&quot;10&quot;&nbsp; id=&quot;info1&quot; class=&quot;rte&quot; method=&quot;post&quot; action=&quot;#&quot;&gt;</li>\r\n    <li>&lt;p&gt;必优博客 www.biuuu.com&lt;/p&gt;</li>\r\n    <li>&lt;/textarea&gt;</li>\r\n</ol>\r\n<p>(3)javascript调用部分</p>\r\n<ol>\r\n    <li>&lt;script type=&quot;text/javascript&quot;&gt;</li>\r\n    <li>$(&rsquo;.rte&rsquo;).rte({</li>\r\n    <li>css: &rsquo;default.css&rsquo;,</li>\r\n    <li>width: &rsquo;50%&rsquo;,</li>\r\n    <li>height: &rsquo;100px&rsquo;,</li>\r\n    <li>controls_rte: rte_toolbar,</li>\r\n    <li>controls_html: html_toolbar</li>\r\n    <li>});</li>\r\n    <li>&lt;/script&gt;</li>\r\n</ol>\r\n<p>使用非常简单，代码分析如下：<br />\r\n1.css 定义CSS样式文件，如上：default.css<br />\r\n2.width 定义编辑器宽度，值或百分比<br />\r\n3.height 定义编辑高度，值或百分比<br />\r\n4.controls_rte 定义编辑器使用控制条，如bold，italic，strikeThorugh等工具<br />\r\n5.controls_html 定义编辑器使用HTML控制条，如word，clear和s1工具<br />\r\n其中controls_rte和controls_html两个工具定义在jquery.rte.tb.js文件中</p>\r\n<p>具体使用大家可看看Lightweight Rich Text Editor实例，使用非常简单，值得推荐。</p>\r\n<p><a target=\"_blank\" href=\"http://code.google.com/p/lwrte/wiki/API\">查看Lightweight Rich Text Editor功能接口</a><br />\r\n<a target=\"_blank\" href=\"http://plugins.jquery.com/project/lwRTE\">下载Lightweight Rich Text Editor编辑器</a><br />\r\n<br />\r\n<br />\r\nLightweight Rich Text Editor编辑器效果图如下：<br />\r\n<br />\r\n<img alt=\"\" src=\"http://www.biuuu.com/wp-content/uploads/2009/03/lightweight-rich-text-editor.png\" /><br />\r\n&nbsp;</p>',91,'2011-08-23'),(10,4,'就好好','OOL','<img alt=\"\" src=\"http://dukai168.cn/fckeditor/editor/images/smiley/msn/91.gif\" />当你爱上一个女子的时候，一定要大声的告诉她。女孩很矜持，同时容易没有安全感。如果你爱她，就告诉她，多说几遍也没有关系的。&quot;我爱你&quot;三个字，女孩是永远都不会听厌的。当你已经不爱她的时候，不要伤害她，男人可以尽量不要伤害女人，宁可把过错都推在自己身上，也不要说是因为不爱了。女人的心是很脆弱的，容易受伤而不容易恢复。不要以为老夫老妻，就不要甜言蜜语和浪漫了。女人终究是小女人。任何女人都无法抵挡温柔的男人的。<br />\r\n<br />\r\n男人有自尊，女人也有，不要介意有时候女人为了在朋友间的小小的虚荣心，那是对你有自信，所以才希望你比别人强。<br />\r\n<br />\r\n她在逛街的时候，不论你有多累，有多不想看着她一套一套的衣服试穿，也不要有任何的不耐烦，因为女人的天性是逛街购物，而和心爱的人一起逛街，更是体现你爱心的时刻，虽然你的任务是劳力和财富的支出，但是看到女人眉飞色舞的神态，你应该觉得这是值得的。<br />\r\n<br />\r\n女人每个月都有那么几天，轻者脾气不好，重者犹如生重病。女人天生是应该被照顾的。那几天更是，所以温柔的陪着她，以后的好处绝对是男人的。<br />\r\n<br />\r\n女人需要陪伴，不要总是为了自己朋友，兄弟的邀请，不是喝酒，就是打牌，偶尔去消遣是可以的，但是女人依然要陪。处理好两者的关系，总是有益无害。<br />\r\n<br />\r\n女人喜欢为自己心爱的人洗衣做饭，帮你妥当的安排好一切，那是爱你的表现，那是不是有时候你也下厨做一顿让女人也高兴一下，偶尔的惊喜是促进双方感情的有效方法。<br />\r\n<br />\r\n当一个女人告诉你，&quot;我很坚强，你不要为我担心&quot;的时候，你一定要注意，女人的坚强都是为了男人才这样的，通常来说，女人是柔弱的，当她变坚强的时候或许就是离开你的时候了。所以任何时候都要很宠女人，把她们当宝贝或小孩一样。<br />\r\n<br />\r\n不要让女人在感情上绝望，当一个女人对感情绝望的时候，也是最难改变决定的时候了。任何时候，都不要伤害女人，女人受不起伤害。<br />\r\n<br />\r\n爱一个女人，就是要宠她，爱她，捧在手心怕跑了，含在嘴里怕化了。<br />\r\n<br />\r\n女人其实要求的很简单，只要一个爱她的男人就够了。男人在追求事业的同时，分一点点的认真来对待爱情，女人会用一生的感情来回报。<br />\r\n<br />\r\n如果你不爱她了，放了她。不要白白享受着她的照顾和温柔，然后漫不经心地寻找着别的女孩，在找到之后才说我们分手吧，又或者干脆脚踏两只船。<br />\r\n<br />\r\n在你的朋友和她的朋友面前不要总一摆出一副大男人呼来唤去的样子。女人愿意照顾你，满足你大男人对&ldquo;三从四德&rdquo;的喜好，是因为她爱你她宠你，但并不表示她愿意被当做佣人和附庸。<br />\r\n<br />\r\n你答应她的事情再小也要做到。女人都希望有个坚强的肩膀依赖，想告诉你她的一切，但是你如果连小事情都做不好，她怎么去依赖你？当她说一些你不认可的事情也不要去指责或者冷漠，这样她怎么去信任你把心里话都告诉你？<br />\r\n<br />\r\n不要总在你们相处的时候打游戏或者上电脑。当你不亦乐乎的时候，她也许已经觉得很被冷落，而你却只注意着你的电脑。<br />\r\n<br />\r\n女人总有几天是经期，那时候是不能用理智控制的。不管她怎么歇斯底里、不讲道理、喜怒无常，你都要哄着她包容她。绝不要表现出不快和不耐烦。<br />\r\n<br />\r\n不要总向往地说想三妻四妾，说古代男人真幸福呀，说想三人行。她把你当作她的唯一，也希望你把她当作唯一。常这样说的你，她能放心让你出门去会姐姐妹妹、狐朋狗友吗？不要总当着她夸奖红颜知己，不要对别的女人比对她还关心。女人是敏感的动物，她并不是不信任你，她只是对你太在乎，希望你也可以一样。<br />\r\n<br />\r\n不要总当着她的面盯着别的女人，不要总去赞叹别人的美丽。或者说你为什么不能如何如何。女人希望你爱的就是她现在的样子，希望自己是你心中最美最性感最重要最爱的人。<br />\r\n<br />\r\n女人不管再贤惠有母性，但骨子里都是一个孩子。不要总希望她多么为你着想，多么会体贴你的感受，多么以你为中心。她也希望可以象孩子一样任性，希望有个人像宠孩子一样宠她爱她，照顾她关心她，而不只是像孩子一样向她索取关爱和宽容。<br />\r\n<br />\r\n做错了事情、伤害了她要承认，并且以行动向她陪不是。偶尔放下所谓男人的面子，却能温暖她受伤的心。不要说了要改下次还是犯，她可以原谅你偶尔的错误，但是不能容忍一错再错。<br />\r\n<br />\r\n绝不要背叛。不要想&ldquo;家里红旗不倒，外面彩旗飘飘&rdquo;，别把女人当作衣服。<br />\r\n<br />\r\n给她真正的安全感，不一定是婚姻。而是：无论贫穷还是富有，健康还是疾病，相爱相依，不离不弃，直到死亡把我们分开。<br />\r\n<br />\r\n其实很多女人外表很坚强，内心却还是柔弱，需要男人呵护的。她不在乎你给了她多钱，却会永远记得你调皮的从路边花坛偷回的那朵放到她手中的月季花。她在厨房忙碌的时候，你从身后送来的一个吻会让她觉得幸福甜蜜。你们过马路时候，在左边的你紧紧握住她的手，不论是什么年纪，都会让她觉得安全。<br />\r\n<div style=\"text-align: right\"><img alt=\"\" src=\"http://dukai168.cn/fckeditor/editor/images/smiley/msn/64.gif\" /><img alt=\"\" src=\"http://dukai168.cn/fckeditor/editor/images/smiley/msn/64.gif\" /></div>',45,'2012-08-24'),(11,6,'运动会记分系统(C版)','wubin哥哥','<p>/*************************<br />\r\n* 运行环境:vc++6.0<br />\r\n*************************/<br />\r\n<br />\r\n#include &lt;stdio.h&gt;<br />\r\n#include &lt;string.h&gt;<br />\r\n#include &lt;malloc.h&gt;<br />\r\n#include &lt;stdlib.h&gt;<br />\r\n#define MaxSize 10<br />\r\ntypedef struct athlete<br />\r\n{<br />\r\nchar name[10]; /*运动员姓名*/<br />\r\nint score; /*运动员分数*/<br />\r\n}ATH;<br />\r\n<br />\r\ntypedef struct school<br />\r\n{<br />\r\nint item; /*项目号*/<br />\r\nint num[MaxSize]; /*学校编号*/<br />\r\nATH athlete[MaxSize];<br />\r\nstruct school *next;<br />\r\n}SCH;<br />\r\n<br />\r\nSCH *head; /*设置全局指针*/<br />\r\n<br />\r\nint menu();<br />\r\nint menuselect(); /*主菜单*/<br />\r\nvoid about(); /*程序的一些解释*/<br />\r\nvoid init(); /*初始化*/<br />\r\nvoid insert(); /*插入*/<br />\r\nvoid del(); /*删除*/<br />\r\nvoid search(); /*查询*/<br />\r\nint semenu(); /*查询菜单*/<br />\r\nvoid item_search(); /*按项目号查询*/<br />\r\nvoid num_search(); /*按学校编号查询*/<br />\r\nvoid calculate(); /*计算分数*/<br />\r\nvoid print(); /*打印*/<br />\r\nint printmenu(); /*打印菜单*/<br />\r\nvoid print_item(); /*打印所有项目信息*/<br />\r\nvoid print_school(); /*打印所以学校信息*/<br />\r\nvoid Save(); /*存档输入信息*/<br />\r\nvoid Load(); /*加载存档信息*/<br />\r\n<br />\r\nint menu()<br />\r\n{ int sn;<br />\r\nprintf(&quot;\\n 运动会记分系统\\n&quot;);<br />\r\nprintf(&quot;===========================\\n&quot;);<br />\r\nprintf(&quot;*\\t0.退出系统\\t *\\n&quot;);<br />\r\nprintf(&quot;*\\t1.增加项目\\t *\\n&quot;);<br />\r\nprintf(&quot;*\\t2.删除项目\\t *\\n&quot;);<br />\r\nprintf(&quot;*\\t3.查找信息\\t *\\n&quot;);<br />\r\nprintf(&quot;*\\t4.输出结果\\t *\\n&quot;);<br />\r\nprintf(&quot;===========================\\n&quot;);<br />\r\nprintf(&quot;请选择相应代码: &quot;);<br />\r\nwhile(1)<br />\r\n{ <br />\r\nfflush(stdin);<br />\r\nscanf(&quot;%d&quot;,&amp;sn);<br />\r\nfflush(stdin);<br />\r\nif(sn&lt;0||sn&gt;4)<br />\r\nprintf(&quot;\\n错误!请重新输入: &quot;);<br />\r\nelse break;<br />\r\n}<br />\r\nreturn sn;<br />\r\n}<br />\r\n<br />\r\nint menuselect()<br />\r\n{<br />\r\nfor(;;)<br />\r\n{<br />\r\nswitch(menu())<br />\r\n{ case 0:<br />\r\nsystem(&quot;cls&quot;);<br />\r\nSave();<br />\r\nprintf(&quot;\\n\\n\\t保存成功!&quot;);<br />\r\nprintf(&quot;\\n\\n\\tGOOD BYE\\n&quot;);<br />\r\ngetch();<br />\r\nexit(0);<br />\r\ncase 1:insert();break;<br />\r\ncase 2:del();break;<br />\r\ncase 3:search();break;<br />\r\ncase 4:system(&quot;cls&quot;);print();break;<br />\r\ndefault:printf(&quot;\\n错误!&quot;);exit(0);<br />\r\n}<br />\r\n}<br />\r\n}<br />\r\n<br />\r\nvoid about()<br />\r\n{<br />\r\n<br />\r\nprintf(&quot;\\n\\n\\n\\t\\t 本 程 序 规 定\\n&quot;);<br />\r\nprintf(&quot;\\t===================================\\n&quot;);<br />\r\nprintf(&quot;\\n\\t\\t学校总数为 %d\\n&quot;,MaxSize);<br />\r\nprintf(&quot;\\n\\t\\t男子运动项目数为 %d\\n&quot;,MaxSize);<br />\r\nprintf(&quot;\\n\\t\\t女子运动项目数为 %d\\n&quot;,MaxSize);<br />\r\nprintf(&quot;\\n\\t\\t总运动项目数数为 %d\\n&quot;,2*MaxSize);<br />\r\nprintf(&quot;\\t===================================\\n&quot;);<br />\r\nprintf(&quot;\\n\\n\\t请按任意键继续....&quot;);<br />\r\ngetch();<br />\r\nsystem(&quot;cls&quot;);<br />\r\n}<br />\r\n<br />\r\nvoid init() /*建立头结点*/ <br />\r\n{<br />\r\nSCH *p1; <br />\r\nint i,m;<br />\r\np1=head;<br />\r\nabout();<br />\r\nprintf(&quot;\\n初始化开始....\\n&quot;);<br />\r\nprintf(&quot;\\n请输入一个项目的信息....\\n&quot;);<br />\r\np1=(SCH *)malloc(sizeof(SCH));<br />\r\nhead=p1;<br />\r\nreinput: /*设置标志符(下同)*/<br />\r\nprintf(&quot;项目号(1001--%d):&quot;,1001+MaxSize);<br />\r\nscanf(&quot;%d&quot;,&amp;p1-&gt;item);<br />\r\nif((p1-&gt;item)&gt;(1001+MaxSize)||(p1-&gt;item)&lt;1001)<br />\r\n{<br />\r\nprintf(&quot;\\n超过范围,重新输入!\\n&quot;);<br />\r\ngoto reinput;<br />\r\n}<br />\r\nelse<br />\r\n{<br />\r\nswitch(p1-&gt;item%2)<br />\r\n{<br />\r\ncase 0:m=3;break; /*偶数取前3名*/<br />\r\ncase 1:m=5;break; /*奇数取前5名*/<br />\r\n}<br />\r\nprintf(&quot;此项目取前%d名...\\n&quot;,m);<br />\r\nfor(i=0;i&lt;m;i++)<br />\r\n{<br />\r\nprintf(&quot;\\n第%d个选手信息:\\n&quot;,i+1);<br />\r\nprintf(&quot;姓名:&quot;);<br />\r\nscanf(&quot;%s&quot;,p1-&gt;athlete[i].name);<br />\r\nreinputschool:<br />\r\nprintf(&quot;学校编号(2001--%d):&quot;,2001+MaxSize);<br />\r\nscanf(&quot;%d&quot;,&amp;p1-&gt;num[i]);<br />\r\nif(p1-&gt;num[i]&gt;(2001+MaxSize)||p1-&gt;num[i]&lt;2001)<br />\r\n{<br />\r\nprintf(&quot;\\n超出范围,请重新输入!\\n&quot;);<br />\r\ngoto reinputschool;<br />\r\n}<br />\r\n}<br />\r\n}<br />\r\np1-&gt;next=NULL;<br />\r\nprintf(&quot;\\n初始化项目完毕....\\n&quot;);<br />\r\ngetch();<br />\r\nsystem(&quot;cls&quot;);<br />\r\n}<br />\r\n<br />\r\n<br />\r\n<br />\r\n<br />\r\nvoid insert()<br />\r\n{<br />\r\nSCH *p1,*p2,*p0,*p;<br />\r\nint m,i;<br />\r\nsystem(&quot;cls&quot;);<br />\r\np0=(SCH *)malloc(sizeof(SCH));<br />\r\np=p1=head;<br />\r\nprintf(&quot;\\n开始增加运动项目.....\\n&quot;);<br />\r\nprintf(&quot;\\n请输入项目的信息....\\n&quot;);<br />\r\nreinput:<br />\r\nprintf(&quot;项目号(1001--%d):&quot;,1001+MaxSize);<br />\r\nscanf(&quot;%d&quot;,&amp;p0-&gt;item);<br />\r\nwhile(p-&gt;item!=p0-&gt;item&amp;&amp;p-&gt;next!=NULL)<br />\r\np=p-&gt;next;<br />\r\nif(p-&gt;item==p0-&gt;item)<br />\r\n{<br />\r\nprintf(&quot;\\n此项目号已存在!请重新输入\\n&quot;);<br />\r\ngoto reinput;<br />\r\n}<br />\r\nif((p0-&gt;item)&gt;(1001+MaxSize)||(p0-&gt;item)&lt;1001)<br />\r\n{<br />\r\nprintf(&quot;\\n超过范围,重新输入!\\n&quot;);<br />\r\ngoto reinput;<br />\r\n}<br />\r\nelse<br />\r\n{<br />\r\nswitch(p0-&gt;item%2)<br />\r\n{<br />\r\ncase 0:m=3;break;<br />\r\ncase 1:m=5;break;<br />\r\n}<br />\r\nprintf(&quot;此项目取前%d名...\\n&quot;,m);<br />\r\nfor(i=0;i&lt;m;i++)<br />\r\n{<br />\r\nprintf(&quot;\\n第%d个选手信息:\\n&quot;,i+1);<br />\r\nprintf(&quot;姓名:&quot;);<br />\r\nscanf(&quot;%s&quot;,p0-&gt;athlete[i].name);<br />\r\nreinputschool1:<br />\r\nprintf(&quot;学校编号(2001--%d):&quot;,2001+MaxSize);<br />\r\nscanf(&quot;%d&quot;,&amp;p0-&gt;num[i]);<br />\r\nif(p0-&gt;num[i]&gt;(2001+MaxSize)||p0-&gt;num[i]&lt;2001)<br />\r\n{<br />\r\nprintf(&quot;\\n超出范围,请重新输入!\\n&quot;);<br />\r\ngoto reinputschool1;<br />\r\n}<br />\r\n}<br />\r\n}<br />\r\nwhile((p0-&gt;item&gt;p1-&gt;item)&amp;&amp;(p1-&gt;next!=NULL))<br />\r\n{<br />\r\np2=p1;<br />\r\np1=p1-&gt;next;<br />\r\n}<br />\r\nif(p0-&gt;item&lt;p1-&gt;item)<br />\r\n{<br />\r\nif(p1==head)<br />\r\nhead=p0;<br />\r\nelse<br />\r\np2-&gt;next=p0;<br />\r\np0-&gt;next=p1;<br />\r\n}<br />\r\nelse<br />\r\n{<br />\r\np1-&gt;next=p0;<br />\r\np0-&gt;next=NULL;<br />\r\n}<br />\r\nprintf(&quot;\\n增加新项目完毕....\\n&quot;);<br />\r\ngetch();<br />\r\nsystem(&quot;cls&quot;);<br />\r\ncalculate();<br />\r\n}<br />\r\n<br />\r\n<br />\r\nvoid del()<br />\r\n{<br />\r\nSCH *p1,*p2;<br />\r\nint del_item;<br />\r\np1=head;<br />\r\nif(p1==NULL)<br />\r\n{<br />\r\nprintf(&quot;\\n错误!项目为空!\\n\\n按任意键转入初始化....\\n&quot;);<br />\r\ngetch();<br />\r\ninit();<br />\r\n}<br />\r\n<br />\r\nprintf(&quot;\\n开始删除运动项目.....\\n&quot;);<br />\r\nprintf(&quot;\\n请输入你想删除的项目号:&quot;);<br />\r\nscanf(&quot;%d&quot;,&amp;del_item);<br />\r\nwhile((del_item!=p1-&gt;item)&amp;&amp;(p1-&gt;next!=NULL))<br />\r\n{<br />\r\np2=p1;<br />\r\np1=p1-&gt;next;<br />\r\n}<br />\r\nif(del_item==p1-&gt;item)<br />\r\n{<br />\r\nif(p1==head)<br />\r\nhead=p1-&gt;next;<br />\r\nelse<br />\r\np2-&gt;next=p1-&gt;next;<br />\r\nfree(p1);<br />\r\nprintf(&quot;\\n删除项目完毕....\\n&quot;);<br />\r\ngetch();<br />\r\n}<br />\r\nelse<br />\r\n{<br />\r\nprintf(&quot;\\n你输入的项目号不存在!\\n\\n按任意键返回主菜单\\n&quot;);<br />\r\ngetch();<br />\r\n} <br />\r\nsystem(&quot;cls&quot;);<br />\r\n}<br />\r\n<br />\r\n<br />\r\nvoid search()<br />\r\n{<br />\r\nsystem(&quot;cls&quot;);<br />\r\nwhile(1)<br />\r\n{<br />\r\nswitch(semenu())<br />\r\n{<br />\r\ncase 0:system(&quot;cls&quot;);menuselect();break;<br />\r\ncase 1:item_search();break;<br />\r\ncase 2:num_search();break;<br />\r\ndefault:printf(&quot;\\n错误!\\n&quot;); exit(0);<br />\r\n}<br />\r\n}<br />\r\n}<br />\r\n<br />\r\nint semenu()<br />\r\n{<br />\r\nint se;<br />\r\nprintf(&quot;\\n 查询菜单\\n&quot;);<br />\r\nprintf(&quot;=======================\\n&quot;);<br />\r\nprintf(&quot;* 0.返回上级 *\\n&quot;);<br />\r\nprintf(&quot;* 1.按项目号查询 *\\n&quot;);<br />\r\nprintf(&quot;* 2.按学校编号查询 *\\n&quot;);<br />\r\nprintf(&quot;=======================\\n&quot;);<br />\r\nprintf(&quot;\\n请选择相应的代码:&quot;);<br />\r\nfor(;;)<br />\r\n{<br />\r\nscanf(&quot;%d&quot;,&amp;se);<br />\r\ngetchar();<br />\r\nif(se&gt;2||se&lt;0)<br />\r\nprintf(&quot;\\n错误!请重新选择:&quot;);<br />\r\nelse break;<br />\r\n}<br />\r\nreturn se;<br />\r\n}<br />\r\n<br />\r\nvoid item_search()<br />\r\n{<br />\r\nSCH *p;<br />\r\nint search_item,i,m;<br />\r\np=head;<br />\r\n<br />\r\nprintf(&quot;\\n请输入查询的项目号(1001--%d):&quot;,1001+MaxSize);<br />\r\nscanf(&quot;%d&quot;,&amp;search_item);<br />\r\nif(search_item&lt;1001||search_item&gt;(1001+MaxSize))<br />\r\n{<br />\r\nprintf(&quot;\\n超出范围!请重新输入!\\n&quot;);<br />\r\ngoto research;<br />\r\n}<br />\r\n<br />\r\nwhile(search_item!=p-&gt;item&amp;&amp;p-&gt;next!=NULL)<br />\r\np=p-&gt;next;<br />\r\n<br />\r\nif(search_item==p-&gt;item)<br />\r\n{<br />\r\nprintf(&quot;\\n项目%d结果为:&quot;,p-&gt;item);<br />\r\nswitch(p-&gt;item%2)<br />\r\n{<br />\r\ncase 0:m=3;break;<br />\r\ncase 1:m=5;break;<br />\r\n}<br />\r\n<br />\r\nprintf(&quot;\\n学校编号\\t选手姓名 选手分数\\n&quot;);<br />\r\nfor(i=0;i&lt;m;i++)<br />\r\nprintf(&quot;%d\\t\\t %s\\t\\t%d\\n&quot;,p-&gt;num[i],p-&gt;athlete[i].name,p-&gt;athlete[i].score);<br />\r\nprintf(&quot;\\n按项目号查询完毕....\\n按任意键返回&quot;);<br />\r\n<br />\r\n}<br />\r\nelse <br />\r\n{<br />\r\nprintf(&quot;\\n项目号不存在!请重新输入!\\n&quot;);<br />\r\n<br />\r\n}<br />\r\nresearch:<br />\r\ngetch();<br />\r\nsystem(&quot;cls&quot;);<br />\r\n}<br />\r\n<br />\r\nvoid num_search()<br />\r\n{<br />\r\nSCH *p;<br />\r\nint search_num,i,m;<br />\r\nint find=0;<br />\r\nint menscore,womenscore,totalscore;<br />\r\ntotalscore=menscore=womenscore=0;<br />\r\np=head;<br />\r\nswitch(p-&gt;item%2)<br />\r\n{<br />\r\ncase 0:m=3;break;<br />\r\ncase 1:m=5;break;<br />\r\n}<br />\r\n<br />\r\nprintf(&quot;\\n请输入查询的学校编号(2001--%d):&quot;,2001+MaxSize);<br />\r\nscanf(&quot;%d&quot;,&amp;search_num);<br />\r\nif(search_num&lt;2001||search_num&gt;(2001+MaxSize))<br />\r\n{<br />\r\nprintf(&quot;\\n超出范围!请重新输入!\\n&quot;);<br />\r\ngoto research_num;<br />\r\n}<br />\r\n<br />\r\nwhile(p!=NULL)<br />\r\n{<br />\r\nfor(i=0;i&lt;m;i++) <br />\r\n{<br />\r\nif(search_num==p-&gt;num[i])<br />\r\nfind=1;<br />\r\n<br />\r\nif(find==1)<br />\r\n{<br />\r\nif(p-&gt;item&lt;MaxSize+1001)<br />\r\nmenscore+=p-&gt;athlete[i].score;<br />\r\nelse<br />\r\nwomenscore+=p-&gt;athlete[i].score;<br />\r\ntotalscore=menscore+womenscore;<br />\r\nfind=0;<br />\r\n}<br />\r\n}<br />\r\np=p-&gt;next;<br />\r\n}<br />\r\nprintf(&quot;\\n编号为%d的学校成绩为:&quot;,search_num);<br />\r\nprintf(&quot;\\n学校编号 男子总分 女子总分 团体总分\\n&quot;);<br />\r\nprintf(&quot; %d\\t\\t%d\\t%d\\t%d\\n&quot;,search_num,menscore,womenscore,totalscore);<br />\r\n<br />\r\nresearch_num:<br />\r\ngetch();<br />\r\nsystem(&quot;cls&quot;);<br />\r\n}<br />\r\n<br />\r\nvoid calculate() /*赋分*/<br />\r\n{<br />\r\nSCH *p;<br />\r\nint i;<br />\r\np=head;<br />\r\nwhile(p!=NULL)<br />\r\n{<br />\r\nif(p-&gt;item%2==0)<br />\r\n{<br />\r\nfor(i=0;i&lt;3;i++)<br />\r\nswitch(i)<br />\r\n{<br />\r\ncase 0:p-&gt;athlete[i].score=5;break;<br />\r\ncase 1:p-&gt;athlete[i].score=3;break;<br />\r\ncase 2:p-&gt;athlete[i].score=2;break;<br />\r\n}<br />\r\n}<br />\r\nelse<br />\r\n{<br />\r\nfor(i=0;i&lt;5;i++)<br />\r\nswitch(i)<br />\r\n{<br />\r\ncase 0:p-&gt;athlete[i].score=7;break;<br />\r\ncase 1:p-&gt;athlete[i].score=5;break;<br />\r\ncase 2:p-&gt;athlete[i].score=3;break;<br />\r\ncase 3:p-&gt;athlete[i].score=2;break;<br />\r\ncase 4:p-&gt;athlete[i].score=1;break;<br />\r\n}<br />\r\n}<br />\r\np=p-&gt;next;<br />\r\n}<br />\r\n}<br />\r\n<br />\r\nvoid print()<br />\r\n{<br />\r\nwhile(1)<br />\r\n{<br />\r\nswitch(printmenu())<br />\r\n{<br />\r\ncase 0:system(&quot;cls&quot;);menuselect();break;<br />\r\ncase 1:print_item();break;<br />\r\ncase 2:print_school();break;<br />\r\ndefault:printf(&quot;\\n错误!\\n&quot;); exit(0);<br />\r\n}<br />\r\n}<br />\r\n}<br />\r\n<br />\r\nint printmenu()<br />\r\n{<br />\r\nint se;<br />\r\nprintf(&quot;\\n 输出菜单\\n&quot;);<br />\r\nprintf(&quot;=======================\\n&quot;);<br />\r\nprintf(&quot;* 0.返回上级 *\\n&quot;);<br />\r\nprintf(&quot;* 1.输出项目信息 *\\n&quot;);<br />\r\nprintf(&quot;* 2.输出学校信息 *\\n&quot;);<br />\r\nprintf(&quot;=======================\\n&quot;);<br />\r\nprintf(&quot;\\n请选择相应的代码:&quot;);<br />\r\nfor(;;)<br />\r\n{<br />\r\nscanf(&quot;%d&quot;,&amp;se);<br />\r\ngetchar();<br />\r\nif(se&gt;2||se&lt;0)<br />\r\nprintf(&quot;\\n错误!请重新选择:&quot;);<br />\r\nelse break;<br />\r\n}<br />\r\nreturn se;<br />\r\n}<br />\r\n<br />\r\nvoid print_item()<br />\r\n{<br />\r\nSCH *p;<br />\r\nint m,i;<br />\r\np=head;<br />\r\nif(p==NULL)<br />\r\n{<br />\r\nprintf(&quot;链表为空,转入初始化...\\n&quot;);<br />\r\ngetch();<br />\r\ninit();<br />\r\n}<br />\r\nwhile(p!=NULL)<br />\r\n{<br />\r\nprintf(&quot;\\n项目%d结果为:&quot;,p-&gt;item);<br />\r\nswitch(p-&gt;item%2)<br />\r\n{<br />\r\ncase 0:m=3;break;<br />\r\ncase 1:m=5;break;<br />\r\n}<br />\r\n<br />\r\nprintf(&quot;\\n学校编号\\t选手姓名 选手分数\\n&quot;);<br />\r\nfor(i=0;i&lt;m;i++)<br />\r\nprintf(&quot; %d\\t\\t %s\\t\\t%d\\n&quot;,p-&gt;num[i],p-&gt;athlete[i].name,p-&gt;athlete[i].score);<br />\r\np=p-&gt;next;<br />\r\ngetch();<br />\r\nsystem(&quot;cls&quot;);<br />\r\n}<br />\r\n}<br />\r\n<br />\r\nvoid print_school()<br />\r\n{<br />\r\nSCH *p;<br />\r\nint m,i,j,find=0;<br />\r\nint menscore,womenscore,totalscore;<br />\r\np=head;<br />\r\nif(p==NULL)<br />\r\n{<br />\r\nprintf(&quot;链表为空,转入初始化...\\n&quot;);<br />\r\ngetch();<br />\r\ninit();<br />\r\n}<br />\r\n<br />\r\nfor(i=2001;i&lt;=2001+MaxSize;i++)<br />\r\n{ <br />\r\np=head;<br />\r\ntotalscore=menscore=womenscore=0;<br />\r\nwhile(p!=NULL)<br />\r\n{<br />\r\nswitch(p-&gt;item%2)<br />\r\n{<br />\r\ncase 0:m=3;break;<br />\r\ncase 1:m=5;break;<br />\r\n}<br />\r\n<br />\r\nfor(j=0;j&lt;m;j++)<br />\r\n{<br />\r\nif(i==p-&gt;num[j])<br />\r\nfind=1;<br />\r\n<br />\r\nif(find==1)<br />\r\n{<br />\r\nif(p-&gt;item&lt;MaxSize+1001)<br />\r\nmenscore+=p-&gt;athlete[j].score;<br />\r\nelse<br />\r\nwomenscore+=p-&gt;athlete[j].score;<br />\r\ntotalscore=menscore+womenscore;<br />\r\nfind=0;<br />\r\n}<br />\r\n}<br />\r\np=p-&gt;next;<br />\r\n}<br />\r\nprintf(&quot;\\n编号为%d的学校成绩为:&quot;,i);<br />\r\nprintf(&quot;\\n学校编号 男子总分 女子总分 团体总分\\n&quot;);<br />\r\nprintf(&quot; %d\\t\\t%d\\t%d\\t%d\\n&quot;,i,menscore,womenscore,totalscore);<br />\r\ngetch();<br />\r\n}<br />\r\nsystem(&quot;cls&quot;);<br />\r\n}<br />\r\n<br />\r\n<br />\r\nvoid Save() /*保存*/<br />\r\n{<br />\r\nFILE *fp;<br />\r\nSCH *p,*p0;<br />\r\np=head;<br />\r\nif((fp=fopen(&quot;project.dat&quot;,&quot;wb&quot;))==NULL) /*新建文件*/<br />\r\n{<br />\r\nprintf(&quot;\\n文件保存失败!\\n请重新启动本系统...\\n&quot;);<br />\r\nexit(0);<br />\r\n}<br />\r\nwhile(p!=NULL) /*写入文件*/<br />\r\n{<br />\r\nif(fwrite(p,sizeof(SCH),1,fp)!=1)<br />\r\nprintf(&quot;\\n写入文件失败!\\n请重新启动本系统!\\n&quot;);<br />\r\np0=p;<br />\r\np=p-&gt;next;<br />\r\nfree(p0); /*释放所有结点*/<br />\r\n}<br />\r\nhead=NULL;<br />\r\nfclose(fp); /*关闭文件(下同)*/<br />\r\n}<br />\r\n<br />\r\nvoid Load() /*载入保存内容*/<br />\r\n{<br />\r\nFILE *fp;<br />\r\nSCH *p1,*p2,*p3;<br />\r\nfp=fopen(&quot;project.dat&quot;,&quot;rb&quot;); /*打开*/<br />\r\np1=(SCH *)malloc(sizeof(SCH)); /*创建新链表的头结点*/<br />\r\nfread(p1,sizeof(SCH),1,fp); /*读出内容*/<br />\r\nhead=p2=p3=p1;<br />\r\nwhile(!feof(fp))<br />\r\n{<br />\r\np1=(SCH *)malloc(sizeof(SCH));<br />\r\nfread(p1,sizeof(SCH),1,fp);<br />\r\np2-&gt;next=p1;<br />\r\np3=p2;<br />\r\np2=p1;<br />\r\n}<br />\r\np3-&gt;next=NULL;<br />\r\nfree(p1); /*释放多余的空间*/<br />\r\nfclose(fp); <br />\r\nif(feof(fp))<br />\r\nprintf(&quot;载入已保存文件0_0失败0_0...\\n&quot;);<br />\r\nelse<br />\r\nprintf(&quot;\\n载入已保存文件^_^成功^_^...\\n&quot;);<br />\r\n}<br />\r\n<br />\r\nvoid main()<br />\r\n{<br />\r\nFILE *fp;<br />\r\nsystem(&quot;cls&quot;);<br />\r\nabout();<br />\r\nif((fp=fopen(&quot;project.dat&quot;,&quot;rb&quot;))==NULL) /*如果文件为空,则进行初始化*/<br />\r\ninit();<br />\r\nelse Load(); /*否则加载已保存内容*/ <br />\r\nmenuselect();<br />\r\n}<br />\r\n<br />\r\n<span style=\"color: #0000ff\"><span style=\"font-size: small\"><span style=\"font-family: 隶书\">如有需要原程序学习的朋友,可以留下你的邮箱,我会在第一时间将程序发到你邮箱（包括可执行文件）<br />\r\n<br />\r\n使用时必须注明版权所有,本程序最终版权归作者杜凯所有<br />\r\n<br />\r\n由于此空间不支持下载，所以不能提供下载功能,由此带来的不便,请谅解<br />\r\n<br />\r\nmail:dukai1008@163.com</span></span></span></p>',63,'2011-08-24'),(12,6,'通讯录系统(C版)','wubi凤飞飞n','/*************************<br />\r\n* 运行环境:vc++6.0<br />\r\n*************************/<br />\r\n<br />\r\n#include &lt;stdio.h&gt; /*头文件名*/<br />\r\n#include &lt;string.h&gt;<br />\r\n#include &lt;malloc.h&gt;<br />\r\n#include &lt;stdlib.h&gt;<br />\r\n<br />\r\ntypedef struct linker /*定义结构体*/<br />\r\n{<br />\r\nint num; /*联系人编号*/<br />\r\nchar name[7]; /*姓名*/<br />\r\nchar sex; /*性别*/<br />\r\nint age; /*年龄*/<br />\r\nchar tel[12]; /*电话*/<br />\r\nchar addr[20]; /*联系地址*/<br />\r\nchar temp[30]; /*临时增加信息*/<br />\r\nstruct linker *next;<br />\r\n}LIN;<br />\r\n<br />\r\nLIN *head; /*定义全局Head*/<br />\r\n<br />\r\nint Menu(); /*菜单函数*/<br />\r\nvoid Menu_select(); /*菜单选择函数*/<br />\r\nvoid Creat(); /*创建联系人(相当于初始化)*/<br />\r\nvoid Insert(); /*增加联系人*/<br />\r\nvoid Del(); /*删除联系人*/<br />\r\nvoid Find(); /*查找联系人信息*/<br />\r\nint Find_menu(); /*查找菜单*/<br />\r\nvoid Num_search(); /*按编号查找*/<br />\r\nvoid Name_search(); /*按姓名查找*/<br />\r\nvoid Add(); /*增加联系人信息*/<br />\r\nvoid Alter(); /*修改联系人信息*/<br />\r\nint Alter_menu();/*修改菜单*/<br />\r\nvoid Alter_name(); /*修改姓名*/<br />\r\nvoid Alter_sex(); /*性别*/<br />\r\nvoid Alter_age(); /*年龄*/<br />\r\nvoid Alter_tel(); /*电话*/<br />\r\nvoid Alter_addr(); /*地址*/<br />\r\nvoid List(); /*打印所有联系人信息*/<br />\r\nvoid List_exsit_num(); /*打印当前存在的联系人的编号*/<br />\r\nvoid List_pass_now(LIN *p); /*打印联系人修改前信息和修改后信息*/<br />\r\nvoid Save(); /*存档输入信息*/<br />\r\nvoid Load(); /*加载存档信息*/<br />\r\n<br />\r\nint Menu() /*菜单界面*/<br />\r\n{ int sn;<br />\r\nprintf(&quot;\\n 通 讯 录 菜 单\\n&quot;);<br />\r\nprintf(&quot;============================\\n&quot;);<br />\r\nprintf(&quot;*\\t0.退出系统\\t *\\n&quot;);<br />\r\nprintf(&quot;*\\t1.增加联系人 *\\n&quot;);<br />\r\nprintf(&quot;*\\t2.删除联系人 *\\n&quot;);<br />\r\nprintf(&quot;*\\t3.增加联系人信息 *\\n&quot;);<br />\r\nprintf(&quot;*\\t4.修改联系人信息 *\\n&quot;);<br />\r\nprintf(&quot;*\\t5.查询联系人信息 *\\n&quot;);<br />\r\nprintf(&quot;*\\t6.输出全部信息 *\\n&quot;);<br />\r\nprintf(&quot;============================\\n&quot;);<br />\r\nprintf(&quot;请选择相应代码:&quot;);<br />\r\nfor(;;) /*空语句确保选择正确的代码*/<br />\r\n{ scanf(&quot;%d&quot;,&amp;sn); <br />\r\nfflush(stdin); /*吸收多余字符*/<br />\r\nif(sn&lt;0||sn&gt;6)<br />\r\nprintf(&quot;\\n错误!请重新输入:&quot;);<br />\r\nelse break;<br />\r\n}<br />\r\nreturn sn; /*返回选择的正确代码到Menu_select()*/<br />\r\n}<br />\r\n<br />\r\nvoid Menu_select()<br />\r\n{<br />\r\nfor(;;) /*空语句确保可以重复进行选择*/<br />\r\n{<br />\r\nswitch(Menu()) /*重复调用菜单函数进行重复选择*/<br />\r\n{ case 0:<br />\r\nsystem(&quot;cls&quot;);<br />\r\nSave(); /*保存文件*/<br />\r\nprintf(&quot;\\n\\n\\t文件保存成功!\\n&quot;); /*给出提示-文件已保存*/<br />\r\nprintf(&quot;\\n\\n\\tGoodBye!\\n&quot;); /*结束界面*/<br />\r\ngetch(); /*停留用户界面(下同)*/<br />\r\nexit(0);<br />\r\ncase 1:Insert();break;<br />\r\ncase 2:Del();break;<br />\r\ncase 3:Add();break;<br />\r\ncase 4:Alter();break;<br />\r\ncase 5:Find();break;<br />\r\ncase 6:List();break;<br />\r\ndefault:printf(&quot;\\n错误!&quot;);exit(0);<br />\r\n}<br />\r\n}<br />\r\n}<br />\r\n<br />\r\nvoid Creat() /*创建联系人*/<br />\r\n{<br />\r\nLIN *p;<br />\r\np=(LIN *)malloc(sizeof(LIN));<br />\r\nhead=NULL;<br />\r\nprintf(&quot;\\n文件为空!\\n&quot;); <br />\r\nprintf(&quot;\\n初始化开始.....\\n&quot;);<br />\r\np-&gt;num=1000;<br />\r\np-&gt;age=20;<br />\r\np-&gt;sex=&rsquo;m&rsquo;;<br />\r\nstrcpy(p-&gt;name,&quot;dukai&quot;);<br />\r\nstrcpy(p-&gt;addr,&quot;wuhan&quot;);<br />\r\nstrcpy(p-&gt;tel,&quot;15971401445&quot;);<br />\r\nstrcpy(p-&gt;temp,&quot;Empty&quot;); /*将临时信息设置为空(下同)*/<br />\r\nhead=p;<br />\r\np-&gt;next=NULL; /*头结点创建完毕*/<br />\r\nprintf(&quot;\\n初始化完毕...\\n\\n按任意键继续....&quot;);<br />\r\ngetch();<br />\r\nsystem(&quot;cls&quot;);<br />\r\n}<br />\r\n<br />\r\nvoid Insert() /*增加联系人*/<br />\r\n{<br />\r\nLIN *p,*p0,*p1,*p2;<br />\r\np0=p1=p2=head;<br />\r\nif(p1==NULL) /*如果出现意外情况导致链表为空,则进行&quot;创建头结点&quot;*/<br />\r\nCreat();<br />\r\nelse<br />\r\np=(LIN *)malloc(sizeof(LIN));<br />\r\nprintf(&quot;\\n请输入增加的联系人信息\\n&quot;);<br />\r\n<br />\r\nreinput_num1:<br />\r\nprintf(&quot;No.(1000--2000):&quot;);<br />\r\nscanf(&quot;%d&quot;,&amp;p-&gt;num);<br />\r\nfflush(stdin);<br />\r\nwhile(p-&gt;num&gt;p0-&gt;num&amp;&amp;p0-&gt;next!=NULL) /*判断编号是否已经存在*/<br />\r\np0=p0-&gt;next;<br />\r\nif(p-&gt;num==p0-&gt;num) /*如果编号相同,则给出提示,并且进行重新输入*/<br />\r\n{<br />\r\nprintf(&quot;\\n此编号已存在,请重新输入!\\n&quot;);<br />\r\ngoto reinput_num1;<br />\r\n}<br />\r\nif(p-&gt;num&gt;2000||p-&gt;num&lt;1000) /*判断编号是否已经超出范围,并给出提示*/<br />\r\n{<br />\r\nprintf(&quot;\\n超出范围,请重新输入!\\n&quot;);<br />\r\ngoto reinput_num1;<br />\r\n}<br />\r\n<br />\r\nreinput_name:<br />\r\nprintf(&quot;Name(6):&quot;);<br />\r\nscanf(&quot;%s&quot;,p-&gt;name);<br />\r\nfflush(stdin);<br />\r\nif(strlen(p-&gt;name)&gt;6)<br />\r\n{<br />\r\nprintf(&quot;超出长度!请缩减长度!\\n&quot;);<br />\r\ngoto reinput_name;<br />\r\n}<br />\r\n<br />\r\nreinput_sex1:<br />\r\nprintf(&quot;Sex:(m&amp;f)&quot;);<br />\r\nscanf(&quot;%c&quot;,&amp;p-&gt;sex);<br />\r\nfflush(stdin); /*此处为一个字符,容易被转行符取代*/<br />\r\nif(p-&gt;sex!=&rsquo;m&rsquo;&amp;&amp;p-&gt;sex!=&rsquo;f&rsquo;) /*限制性别在这两个字符中*/<br />\r\n{<br />\r\nprintf(&quot;\\n输入错误,请重新输入!\\n&quot;);<br />\r\ngoto reinput_sex1;<br />\r\n}<br />\r\nprintf(&quot;Age:&quot;);<br />\r\nscanf(&quot;%d&quot;,&amp;p-&gt;age);<br />\r\nfflush(stdin);<br />\r\n<br />\r\nreinput_tel:<br />\r\nprintf(&quot;Tel(11):&quot;);<br />\r\nscanf(&quot;%s&quot;,p-&gt;tel);<br />\r\nfflush(stdin);<br />\r\nif(strlen(p-&gt;tel)&gt;11) <br />\r\n{<br />\r\nprintf(&quot;超出长度!请缩减长度!\\n&quot;);<br />\r\ngoto reinput_tel;<br />\r\n}<br />\r\n<br />\r\nreinput_addr:<br />\r\nprintf(&quot;Addr(20):&quot;);<br />\r\nscanf(&quot;%s&quot;,p-&gt;addr);<br />\r\nfflush(stdin);<br />\r\nif(strlen(p-&gt;addr)&gt;20)<br />\r\n{<br />\r\nprintf(&quot;超出长度!请缩减长度!\\n&quot;);<br />\r\ngoto reinput_addr;<br />\r\n}<br />\r\n<br />\r\nstrcpy(p-&gt;temp,&quot;Empty&quot;);<br />\r\n<br />\r\nwhile(p-&gt;num&gt;p1-&gt;num&amp;&amp;p1-&gt;next!=NULL) /*将新结点插入*/<br />\r\n{<br />\r\np2=p1;<br />\r\np1=p1-&gt;next;<br />\r\n}<br />\r\nif(p-&gt;num&lt;p1-&gt;num) /*使编号按顺序插入*/<br />\r\n{<br />\r\nif(p1==head) /*插入头*/<br />\r\nhead=p;<br />\r\nelse p2-&gt;next=p; /*插入中间*/<br />\r\np-&gt;next=p1; <br />\r\n}<br />\r\nelse /*插入最后*/<br />\r\n{<br />\r\np1-&gt;next=p;<br />\r\np-&gt;next=NULL;<br />\r\n} <br />\r\nprintf(&quot;\\n增加联系人完毕...\\n&quot;);<br />\r\ngetch();<br />\r\nsystem(&quot;cls&quot;);<br />\r\n}<br />\r\n<br />\r\nvoid List_exsit_num()<br />\r\n{<br />\r\nLIN *p;<br />\r\nint i=0; /*i为记数器*/<br />\r\np=head;<br />\r\nprintf(&quot;\\n以下是已经存在的联系人编号:\\n&quot;);<br />\r\nprintf(&quot;=============================\\n&quot;);<br />\r\nwhile(p!=NULL) /*计算联系人个数*/<br />\r\n{<br />\r\nprintf(&quot;%8d&quot;,p-&gt;num);<br />\r\ni++; <br />\r\np=p-&gt;next;<br />\r\nif(i==3) /*3个一换行（下同）*/<br />\r\nprintf(&quot;\\n&quot;);<br />\r\n}<br />\r\nprintf(&quot;\\n=============================\\n&quot;);<br />\r\n}<br />\r\n<br />\r\nvoid Del() /*删除联系人*/<br />\r\n{<br />\r\nLIN *p1,*p2;<br />\r\nint del_num;<br />\r\nprintf(&quot;\\n删除进行中....\\n&quot;);<br />\r\nList_exsit_num();<br />\r\np1=head;<br />\r\nRe_del_num:<br />\r\nprintf(&quot;\\n请输入删除的编号(1000--2000):&quot;);<br />\r\nscanf(&quot;%d&quot;,&amp;del_num);<br />\r\nif(del_num&lt;1000||del_num&gt;2000) /*判断*/<br />\r\n{<br />\r\nprintf(&quot;\\n超出范围,请重新输入!\\n&quot;);<br />\r\ngoto Re_del_num;<br />\r\n}<br />\r\nwhile(del_num!=p1-&gt;num&amp;&amp;p1-&gt;next!=NULL) <br />\r\n{<br />\r\np2=p1;<br />\r\np1=p1-&gt;next;<br />\r\n}<br />\r\nif(del_num==p1-&gt;num) /*找到*/<br />\r\n{<br />\r\nif(p1==head) /*删除头结点*/<br />\r\nhead=p1-&gt;next;<br />\r\nelse<br />\r\np2-&gt;next=p1-&gt;next; /*删除中间结点*/<br />\r\nfree(p1);<br />\r\nprintf(&quot;\\n删除联系人完毕...\\n&quot;);<br />\r\n}<br />\r\nelse<br />\r\nprintf(&quot;\\n联系人编号不存在!请按任意键返回!\\n&quot;);<br />\r\ngetch();<br />\r\nsystem(&quot;cls&quot;);<br />\r\n}<br />\r\n<br />\r\nvoid Find() /*查询*/<br />\r\n{<br />\r\nsystem(&quot;cls&quot;);<br />\r\nwhile(1)<br />\r\n{<br />\r\nswitch(Find_menu())<br />\r\n{<br />\r\ncase 0:system(&quot;cls&quot;); Menu_select(); break;<br />\r\ncase 1:Num_search();break;<br />\r\ncase 2:Name_search();break;<br />\r\ndefault:printf(&quot;\\n错误!\\n&quot;); return;<br />\r\n}<br />\r\n}<br />\r\n}<br />\r\n<br />\r\nint Find_menu() /*查询菜单*/<br />\r\n{<br />\r\nint se;<br />\r\nprintf(&quot;\\n 查询菜单\\n&quot;);<br />\r\nprintf(&quot;=======================\\n&quot;);<br />\r\nprintf(&quot;* 0.返回上级 *\\n&quot;);<br />\r\nprintf(&quot;* 1.按编号查询 *\\n&quot;);<br />\r\nprintf(&quot;* 2.按姓名查询 *\\n&quot;);<br />\r\nprintf(&quot;=======================\\n&quot;);<br />\r\nprintf(&quot;请选择相应的代码:&quot;);<br />\r\nfor(;;) /*同上*/<br />\r\n{<br />\r\nscanf(&quot;%d&quot;,&amp;se);<br />\r\ngetchar();<br />\r\nif(se&gt;2||se&lt;0)<br />\r\nprintf(&quot;\\n错误!请重新选择:&quot;);<br />\r\nelse break;<br />\r\n}<br />\r\nreturn se; /*同上*/<br />\r\n}<br />\r\n<br />\r\n<br />\r\nvoid Num_search() /*按联系人编号查询*/<br />\r\n{<br />\r\nLIN *p;<br />\r\nint find_num; /*i为记数器*/<br />\r\nList_exsit_num();<br />\r\nprintf(&quot;\\n请输入要查询的编号:&quot;);<br />\r\nscanf(&quot;%d&quot;,&amp;find_num);<br />\r\np=head; /*重新指向头结点(下同)*/<br />\r\nwhile(p-&gt;num!=find_num&amp;&amp;p-&gt;next!=NULL)<br />\r\np=p-&gt;next;<br />\r\nif(p-&gt;num==find_num)<br />\r\n{<br />\r\nprintf(&quot; No.\\tName\\tSex\\tAge\\tTelphone\\tAddress\\t\\tAdd-Message\\n&quot;);<br />\r\nprintf(&quot;%d\\t%s\\t %c\\t%d\\t%s\\t%s\\t\\t%s\\n&quot;,p-&gt;num,p-&gt;name,p-&gt;sex,p-&gt;age,p-&gt;tel,p-&gt;addr,p-&gt;temp);<br />\r\n}<br />\r\nelse<br />\r\nprintf(&quot;\\n编号不存在,按任意键返回!\\n&quot;);<br />\r\ngetch();<br />\r\nsystem(&quot;cls&quot;);<br />\r\n}<br />\r\nvoid Name_search() /*按联系人姓名查询*/<br />\r\n{<br />\r\nLIN *p;<br />\r\nint i=0,find=0; /*i为记数器，find为标示符*/<br />\r\nchar find_name[6];<br />\r\np=head;<br />\r\nprintf(&quot;\\n以下是已存在的联系人姓名:\\n&quot;);<br />\r\nprintf(&quot;=============================\\n&quot;);<br />\r\nwhile(p!=NULL)<br />\r\n{<br />\r\nprintf(&quot;%8s&quot;,p-&gt;name);<br />\r\ni++;<br />\r\np=p-&gt;next;<br />\r\nif(i==3) /*同上*/<br />\r\nprintf(&quot;\\n&quot;);<br />\r\n}<br />\r\nprintf(&quot;\\n=============================\\n&quot;);<br />\r\nprintf(&quot;\\n请输入要查询的姓名:&quot;);<br />\r\ngets(find_name);<br />\r\np=head;<br />\r\nwhile(p!=NULL)<br />\r\n{<br />\r\nif(strcmp(p-&gt;name,find_name)==0)<br />\r\nfind=1;<br />\r\nif(find==1) /*找到,并打印*/<br />\r\n{ <br />\r\nprintf(&quot; \\nNo.\\tName\\tSex\\tAge\\tTelphone\\tAddress\\t\\tAdd-Message\\n&quot;);<br />\r\nprintf(&quot;%d\\t%s\\t %c\\t%d\\t%s\\t%s\\t\\t%s\\n&quot;,p-&gt;num,p-&gt;name,p-&gt;sex,p-&gt;age,p-&gt;tel,p-&gt;addr,p-&gt;temp);<br />\r\nfind=0;<br />\r\n}<br />\r\np=p-&gt;next; /*继续向下指*/<br />\r\n}<br />\r\ngetch();<br />\r\nsystem(&quot;cls&quot;);<br />\r\n}<br />\r\n<br />\r\nvoid List_pass_now(LIN *p)<br />\r\n{<br />\r\nprintf(&quot; No.\\tName\\tSex\\tAge\\tTelphone\\tAddress\\t\\tAdd-Message\\n&quot;);<br />\r\nprintf(&quot;%d\\t%s\\t %c\\t%d\\t%s\\t%s\\t\\t%s\\n&quot;,p-&gt;num,p-&gt;name,p-&gt;sex,p-&gt;age,p-&gt;tel,p-&gt;addr,p-&gt;temp);<br />\r\n}<br />\r\n<br />\r\nvoid Add()<br />\r\n{<br />\r\nLIN *p;<br />\r\nchar add_message[30];<br />\r\nint add_num;<br />\r\nList_exsit_num();<br />\r\np=head;<br />\r\nprintf(&quot;\\n请输入你要增加信息的联系人编号:&quot;);<br />\r\nscanf(&quot;%d&quot;,&amp;add_num);<br />\r\nwhile(p-&gt;num!=add_num&amp;&amp;p-&gt;next!=NULL)<br />\r\np=p-&gt;next;<br />\r\nif(p-&gt;num==add_num)<br />\r\n{<br />\r\nprintf(&quot;\\n联系人信息为:\\n&quot;);<br />\r\nList_pass_now(p);<br />\r\nReinput_mess:<br />\r\nprintf(&quot;\\n请输入你要增加的内容(30)..\\n两单词之间用&rsquo;-&rsquo;隔开,例如(very-good)..\\n&quot;);<br />\r\nprintf(&quot;Message:&quot;);<br />\r\nscanf(&quot;%s&quot;,add_message);<br />\r\nfflush(stdin);<br />\r\nif(strlen(add_message)&gt;30)<br />\r\n{<br />\r\nprintf(&quot;超出长度!请缩减长度!\\n&quot;);<br />\r\ngoto Reinput_mess;<br />\r\n}<br />\r\nstrcpy(p-&gt;temp,add_message);<br />\r\nprintf(&quot;\\n联系人信息增加后为:\\n&quot;);<br />\r\nList_pass_now(p);<br />\r\nprintf(&quot;\\n增加联系人信息完毕....\\n\\n按任意键继续...&quot;);<br />\r\n}<br />\r\nelse<br />\r\nprintf(&quot;\\n输入的联系人编号不存在!\\n\\n按任意键返回!&quot;);<br />\r\ngetch();<br />\r\nsystem(&quot;cls&quot;);<br />\r\n}<br />\r\n<br />\r\nvoid Alter()<br />\r\n{<br />\r\nsystem(&quot;cls&quot;);<br />\r\nwhile(1)<br />\r\n{<br />\r\nswitch(Alter_menu())<br />\r\n{<br />\r\ncase 0:system(&quot;cls&quot;); Menu_select(); break;<br />\r\ncase 1:Alter_name();break;<br />\r\ncase 2:Alter_sex();break;<br />\r\ncase 3:Alter_age();break;<br />\r\ncase 4:Alter_tel();break;<br />\r\ncase 5:Alter_addr();break;<br />\r\ndefault:printf(&quot;\\n错误!\\n&quot;); return;<br />\r\n}<br />\r\n}<br />\r\n}<br />\r\n<br />\r\nint Alter_menu()<br />\r\n{<br />\r\nint sn;<br />\r\nprintf(&quot;\\n 修 改 菜 单\\n&quot;);<br />\r\nprintf(&quot;============================\\n&quot;);<br />\r\nprintf(&quot;*\\t0.返回上级\\t *\\n&quot;);<br />\r\nprintf(&quot;*\\t1.修改姓名\\t *\\n&quot;);<br />\r\nprintf(&quot;*\\t2.修改性别\\t *\\n&quot;);<br />\r\nprintf(&quot;*\\t3.修改年龄\\t *\\n&quot;);<br />\r\nprintf(&quot;*\\t4.修改电话\\t *\\n&quot;);<br />\r\nprintf(&quot;*\\t5.修改地址\\t *\\n&quot;);<br />\r\nprintf(&quot;============================\\n&quot;);<br />\r\nprintf(&quot;请选择相应代码:&quot;);<br />\r\nfor(;;) <br />\r\n{ scanf(&quot;%d&quot;,&amp;sn); <br />\r\nfflush(stdin); <br />\r\nif(sn&lt;0||sn&gt;5)<br />\r\nprintf(&quot;\\n错误!请重新输入:&quot;);<br />\r\nelse break;<br />\r\n}<br />\r\nreturn sn;<br />\r\n}<br />\r\n<br />\r\nvoid Alter_name()<br />\r\n{<br />\r\nLIN *p;<br />\r\nint num;<br />\r\nchar name_alter[7];<br />\r\nList_exsit_num();<br />\r\np=head;<br />\r\nprintf(&quot;\\n请输入你要修改信息的联系人编号:&quot;);<br />\r\nscanf(&quot;%d&quot;,&amp;num);<br />\r\nwhile(p-&gt;num!=num&amp;&amp;p-&gt;next!=NULL)<br />\r\np=p-&gt;next;<br />\r\nif(p-&gt;num==num)<br />\r\n{<br />\r\nprintf(&quot;\\n联系人信息为:\\n&quot;);<br />\r\nList_pass_now(p);<br />\r\nREINPUT_NAME:<br />\r\nprintf(&quot;\\n请输入你要修改的信息(Name(6)):&quot;);<br />\r\nscanf(&quot;%s&quot;,name_alter);<br />\r\nfflush(stdin);<br />\r\nif(strlen(name_alter)&gt;6) <br />\r\n{<br />\r\nprintf(&quot;超出长度!请缩减长度!\\n&quot;);<br />\r\ngoto REINPUT_NAME;<br />\r\n}<br />\r\nstrcpy(p-&gt;name,name_alter);<br />\r\nprintf(&quot;\\n联系人姓名修改后为:\\n&quot;);<br />\r\nList_pass_now(p);<br />\r\nprintf(&quot;\\n姓名修改完毕!按任意键继续...\\n&quot;);<br />\r\n}<br />\r\nelse<br />\r\nprintf(&quot;\\n编号不存在!按任意键继续...\\n&quot;);<br />\r\ngetch();<br />\r\nsystem(&quot;cls&quot;);<br />\r\n}<br />\r\n<br />\r\nvoid Alter_sex() <br />\r\n{<br />\r\nLIN *p;<br />\r\nint num;<br />\r\nchar sex_alter;<br />\r\nList_exsit_num();<br />\r\np=head;<br />\r\nprintf(&quot;\\n请输入你要修改信息的联系人编号:&quot;);<br />\r\nscanf(&quot;%d&quot;,&amp;num);<br />\r\nfflush(stdin);<br />\r\nwhile(p-&gt;num!=num&amp;&amp;p-&gt;next!=NULL)<br />\r\np=p-&gt;next;<br />\r\nif(p-&gt;num==num)<br />\r\n{<br />\r\nprintf(&quot;\\n联系人信息为:\\n&quot;);<br />\r\nList_pass_now(p);<br />\r\nREINPUT_SEX:<br />\r\nprintf(&quot;\\n请输入你要修改的信息(m&amp;f):&quot;);<br />\r\nscanf(&quot;%c&quot;,&amp;sex_alter);<br />\r\nfflush(stdin);<br />\r\nif(sex_alter!=&rsquo;m&rsquo;&amp;&amp;sex_alter!=&rsquo;f&rsquo;) <br />\r\n{<br />\r\nprintf(&quot;\\n输入错误,请重新输入!\\n&quot;);<br />\r\ngoto REINPUT_SEX;<br />\r\n}<br />\r\np-&gt;sex=sex_alter;<br />\r\nprintf(&quot;\\n联系人性别修改后为:\\n&quot;);<br />\r\nList_pass_now(p);<br />\r\nprintf(&quot;\\n性别修改完毕!按任意键继续...\\n&quot;);<br />\r\n}<br />\r\nelse<br />\r\nprintf(&quot;\\n编号不存在!按任意键继续...\\n&quot;);<br />\r\ngetch();<br />\r\nsystem(&quot;cls&quot;);<br />\r\n}<br />\r\nvoid Alter_age()<br />\r\n{<br />\r\nLIN *p;<br />\r\nint num,age_alter=0;<br />\r\nList_exsit_num();<br />\r\np=head;<br />\r\nprintf(&quot;\\n请输入你要修改信息的联系人编号:&quot;);<br />\r\nscanf(&quot;%d&quot;,&amp;num);<br />\r\nwhile(p-&gt;num!=num&amp;&amp;p-&gt;next!=NULL)<br />\r\np=p-&gt;next;<br />\r\nif(p-&gt;num==num)<br />\r\n{<br />\r\nprintf(&quot;\\n联系人信息为:\\n&quot;);<br />\r\nList_pass_now(p);<br />\r\nREINPUT_AGE:<br />\r\nprintf(&quot;\\n请输入你要修改的信息(Age):&quot;);<br />\r\nscanf(&quot;%d&quot;,&amp;age_alter);<br />\r\nif(age_alter&lt;0)<br />\r\n{<br />\r\nprintf(&quot;\\n输入错误,请重新输入!\\n&quot;);<br />\r\ngoto REINPUT_AGE;<br />\r\n}<br />\r\np-&gt;age=age_alter;<br />\r\nprintf(&quot;\\n联系人年龄修改后为:\\n&quot;);<br />\r\nList_pass_now(p);<br />\r\nprintf(&quot;\\n年龄修改完毕!按任意键继续...\\n&quot;);<br />\r\n}<br />\r\nelse<br />\r\nprintf(&quot;\\n编号不存在!按任意键继续...\\n&quot;);<br />\r\ngetch();<br />\r\nsystem(&quot;cls&quot;);<br />\r\n}<br />\r\n<br />\r\nvoid Alter_tel()<br />\r\n{<br />\r\nLIN *p;<br />\r\nint num;<br />\r\nchar tel_alter[12];<br />\r\nList_exsit_num();<br />\r\np=head;<br />\r\nprintf(&quot;\\n请输入你要修改信息的联系人编号:&quot;);<br />\r\nscanf(&quot;%d&quot;,&amp;num);<br />\r\nwhile(p-&gt;num!=num&amp;&amp;p-&gt;next!=NULL)<br />\r\np=p-&gt;next;<br />\r\nif(p-&gt;num==num)<br />\r\n{<br />\r\nprintf(&quot;\\n联系人信息为:\\n&quot;);<br />\r\nList_pass_now(p);<br />\r\nREINPUT_TEL:<br />\r\nprintf(&quot;\\n请输入你要修改的信息(tel(11)):&quot;);<br />\r\nscanf(&quot;%s&quot;,tel_alter);<br />\r\nfflush(stdin);<br />\r\nif(strlen(tel_alter)&gt;11) <br />\r\n{<br />\r\nprintf(&quot;超出长度!请缩减长度!\\n&quot;);<br />\r\ngoto REINPUT_TEL;<br />\r\n}<br />\r\nstrcpy(p-&gt;tel,tel_alter);<br />\r\nprintf(&quot;\\n联系人电话修改后为:\\n&quot;);<br />\r\nList_pass_now(p);<br />\r\nprintf(&quot;\\n电话修改完毕!按任意键继续...\\n&quot;);<br />\r\n}<br />\r\nelse<br />\r\nprintf(&quot;\\n编号不存在!按任意键继续...\\n&quot;);<br />\r\ngetch();<br />\r\nsystem(&quot;cls&quot;);<br />\r\n}<br />\r\n<br />\r\nvoid Alter_addr()<br />\r\n{<br />\r\nLIN *p;<br />\r\nint num;<br />\r\nchar addr_alter[20];<br />\r\nList_exsit_num();<br />\r\np=head;<br />\r\nprintf(&quot;\\n请输入你要修改信息的联系人编号:&quot;);<br />\r\nscanf(&quot;%d&quot;,&amp;num);<br />\r\nwhile(p-&gt;num!=num&amp;&amp;p-&gt;next!=NULL)<br />\r\np=p-&gt;next;<br />\r\nif(p-&gt;num==num)<br />\r\n{<br />\r\nprintf(&quot;\\n联系人信息为:\\n&quot;);<br />\r\nList_pass_now(p);<br />\r\nREINPUT_ADDR:<br />\r\nprintf(&quot;\\n请输入你要修改的信息(Addr(20)):&quot;);<br />\r\nscanf(&quot;%s&quot;,addr_alter);<br />\r\nfflush(stdin);<br />\r\nif(strlen(addr_alter)&gt;20) <br />\r\n{<br />\r\nprintf(&quot;超出长度!请缩减长度!\\n&quot;);<br />\r\ngoto REINPUT_ADDR;<br />\r\n}<br />\r\nstrcpy(p-&gt;addr,addr_alter);<br />\r\nprintf(&quot;\\n联系人地址修改后为:\\n&quot;);<br />\r\nList_pass_now(p);<br />\r\nprintf(&quot;\\n地址修改完毕!按任意键继续...\\n&quot;);<br />\r\n}<br />\r\nelse<br />\r\nprintf(&quot;\\n编号不存在!按任意键继续...\\n&quot;);<br />\r\ngetch();<br />\r\nsystem(&quot;cls&quot;);<br />\r\n}<br />\r\n<br />\r\nvoid List() /*打印所有联系人*/<br />\r\n{<br />\r\nLIN *p;<br />\r\nint n=0; /*计算所有联系人个数*/<br />\r\np=head;<br />\r\nif(p==NULL) /*如果出现意外情况导致链表为空,则进行&quot;创建头结点&quot;*/<br />\r\n{<br />\r\nprintf(&quot;链表为空,转入初始化...\\n&quot;);<br />\r\ngetch();<br />\r\nCreat();<br />\r\n}<br />\r\nwhile(p!=NULL) <br />\r\n{<br />\r\np=p-&gt;next; /*计算所有联系人个数*/<br />\r\nn++;<br />\r\n}<br />\r\np=head; <br />\r\nprintf(&quot;\\n联系人个数为:%d\\n&quot;,n);<br />\r\nprintf(&quot; No.\\tName\\tSex\\tAge\\tTelphone\\tAddress\\t\\tAdd-Message\\n&quot;);<br />\r\nwhile(p!=NULL)<br />\r\n{<br />\r\nprintf(&quot;%d\\t%s\\t %c\\t%d\\t%s\\t%s\\t\\t%s\\n&quot;,p-&gt;num,p-&gt;name,p-&gt;sex,p-&gt;age,p-&gt;tel,p-&gt;addr,p-&gt;temp);<br />\r\np=p-&gt;next;<br />\r\n}<br />\r\ngetch();<br />\r\nsystem(&quot;cls&quot;);<br />\r\n}<br />\r\n<br />\r\nvoid Save() /*保存*/<br />\r\n{<br />\r\nFILE *fp;<br />\r\nLIN *p,*p0;<br />\r\np=head;<br />\r\nif((fp=fopen(&quot;Linker.dat&quot;,&quot;wb&quot;))==NULL) /*新建文件*/<br />\r\n{<br />\r\nprintf(&quot;\\n文件保存失败!\\n请重新启动本系统...\\n&quot;);<br />\r\nexit(0);<br />\r\n}<br />\r\nwhile(p!=NULL) /*写入文件*/<br />\r\n{<br />\r\nif(fwrite(p,sizeof(LIN),1,fp)!=1)<br />\r\nprintf(&quot;\\n写入文件失败!\\n请重新启动本系统!\\n&quot;);<br />\r\np0=p;<br />\r\np=p-&gt;next;<br />\r\nfree(p0); /*释放所有结点*/<br />\r\n}<br />\r\nhead=NULL;<br />\r\nfclose(fp); /*关闭文件(下同)*/<br />\r\n}<br />\r\n<br />\r\nvoid Load() /*载入保存内容*/<br />\r\n{<br />\r\nFILE *fp;<br />\r\nLIN *p1,*p2,*p3;<br />\r\nfp=fopen(&quot;Linker.dat&quot;,&quot;rb&quot;); /*打开*/<br />\r\np1=(LIN *)malloc(sizeof(LIN)); /*创建新链表的头结点*/<br />\r\nfread(p1,sizeof(LIN),1,fp); /*读出内容*/<br />\r\nhead=p2=p3=p1;<br />\r\nwhile(!feof(fp))<br />\r\n{<br />\r\np1=(LIN *)malloc(sizeof(LIN));<br />\r\nfread(p1,sizeof(LIN),1,fp);<br />\r\np2-&gt;next=p1;<br />\r\np3=p2;<br />\r\np2=p1;<br />\r\n}<br />\r\np3-&gt;next=NULL;<br />\r\nfree(p1); /*释放多余的空间*/<br />\r\nfclose(fp); <br />\r\nif(feof(fp))<br />\r\nprintf(&quot;载入已保存文件0_0失败0_0...\\n&quot;);<br />\r\nelse<br />\r\nprintf(&quot;\\n载入已保存文件^_^成功^_^...\\n&quot;);<br />\r\n}<br />\r\n<br />\r\nvoid main()<br />\r\n{<br />\r\nFILE *fp;<br />\r\nsystem(&quot;cls&quot;);<br />\r\nif((fp=fopen(&quot;Linker.dat&quot;,&quot;rb&quot;))==NULL) /*如果文件为空,则进行初始化*/<br />\r\nCreat();<br />\r\nelse Load(); /*否则加载已保存内容*/<br />\r\nMenu_select(); /*调用菜单*/<br />\r\n}<br />\r\n<br />\r\n<span style=\"color: #0000ff\"><span style=\"font-size: small\"><span style=\"font-family: 隶书\"><span style=\"color: #0000ff\"><span style=\"font-size: small\"><span style=\"font-family: 隶书\">如有需要原程序学习的朋友,可以留下你的邮箱,我会在第一时间将程序发到你邮箱（包括可执行文件）<br />\r\n<br />\r\n使用时必须注明版权所有,本程序最终版权归作者杜凯所有<br />\r\n<br />\r\n由于此空间不支持下载，所以不能提供下载功能,由此带来的不便,请谅解<br />\r\n<br />\r\n</span></span></span></span></span></span>',51,'2011-08-24'),(13,6,'图书管理系统(C版)','wubin','/*************************<br />\r\n* 运行环境:vc++6.0<br />\r\n*************************/<br />\r\n<br />\r\n#include &lt;stdio.h&gt; /*头文件名*/<br />\r\n#include &lt;string.h&gt;<br />\r\n#include &lt;stdlib.h&gt;<br />\r\n#define Max 3 /*定义最大借书权限(可更改)*/<br />\r\n<br />\r\ntypedef struct book /*图书类型*/<br />\r\n{<br />\r\nchar book_num[10]; <br />\r\nchar book_name[20];<br />\r\nint book_kc;<br />\r\nint book_xc;<br />\r\nstruct book *next;<br />\r\n}BK;<br />\r\n<br />\r\ntypedef struct borrow /*借书数目类型*/<br />\r\n{<br />\r\nchar borrow_book_num[10];<br />\r\n}BO;<br />\r\n<br />\r\ntypedef struct reader /*读者类型*/<br />\r\n{<br />\r\nchar reader_num[10];<br />\r\nchar reader_name[10];<br />\r\nint right;<br />\r\nBO borrow[Max]; /*嵌套借书数目类型*/<br />\r\nstruct reader * next;<br />\r\n}RD;<br />\r\n<br />\r\nBK *h_book; /*图书指针*/<br />\r\nRD *h_reader; /*读者指针*/<br />\r\n<br />\r\nint Menu(); /*主菜单*/<br />\r\nvoid Menu_select(); /*主菜单选择函数*/<br />\r\nvoid Init(); /*初始化函数*/<br />\r\nvoid Init_reader(); /*初始化读者*/<br />\r\nvoid Init_book(); /*初始化图书*/<br />\r\nvoid Insert_New_Book(); /*增加新书*/<br />\r\nvoid Insert_New_Reader(); /*增加新读者*/<br />\r\nvoid del_old_book(); /*删除旧图书*/<br />\r\nvoid del_old_reader(); /*删除旧读者(就是已经不存在或毕业的同学)*/<br />\r\nvoid book_not_enough(); /*库存不足信息函数*/<br />\r\nint Find(); /*查找函数*/<br />\r\nvoid Find_Select(); /*查找选择菜单*/<br />\r\nvoid Find_Reader(); /*查找读者*/<br />\r\nvoid Find_Book(); /*查找图书*/ <br />\r\nvoid Borrow_Book(); /*借书函数*/<br />\r\nvoid Return_Book(); /*还书函数*/<br />\r\nvoid about(); /*&quot;关于系统的说明&quot;函数*/<br />\r\nint Print(); /*打印函数*/<br />\r\nvoid Print_Select(); /*打印选择函数*/<br />\r\nvoid Print_book(); /*打印图书信息*/<br />\r\nvoid Print_reader(); /*打印读者信息*/<br />\r\nvoid Save(); /*保存信息函数*/<br />\r\nvoid Save_Reader(); /*保存读者信息*/<br />\r\nvoid Save_Book(); /*保存图书信息*/ <br />\r\nvoid Load(); /*加载信息函数*/<br />\r\nvoid Load_Reader(); /*加载读者信息*/<br />\r\nvoid Load_Book(); /*加载图书信息*/<br />\r\n<br />\r\nint Menu() <br />\r\n{ int sn;<br />\r\nprintf(&quot;\\n\\t\\t图书管理系统主菜单\\n&quot;);<br />\r\nprintf(&quot;=================================================\\n&quot;);<br />\r\nprintf(&quot;*\\t0----退出系统 6----关于系统 \\t*\\n&quot;);<br />\r\nprintf(&quot;*\\t1----新书入库 7----旧书出库 \\t*\\n&quot;);<br />\r\nprintf(&quot;*\\t2----增新读者 8----删旧读者 \\t*\\n&quot;);<br />\r\nprintf(&quot;*\\t3----图书查询 9----输出全部信息\\t*\\n&quot;);<br />\r\nprintf(&quot;*\\t4----借书登记 10----库存不足图书\\t*\\n&quot;);<br />\r\nprintf(&quot;*\\t5----还书管理 11----保存当前信息\\t*\\n&quot;);<br />\r\nprintf(&quot;=================================================\\n&quot;);<br />\r\nprintf(&quot;请选择相应代码:&quot;); /*代码选择模式(下同)*/<br />\r\nfor(;;) <br />\r\n{ scanf(&quot;%d&quot;,&amp;sn); <br />\r\nfflush(stdin); <br />\r\nif(sn&lt;0||sn&gt;11)<br />\r\nprintf(&quot;\\n错误!请重新输入:&quot;);<br />\r\nelse break;<br />\r\n}<br />\r\nreturn sn; <br />\r\n}<br />\r\n<br />\r\nvoid Menu_select()<br />\r\n{<br />\r\nfor(;;) /*循环调用模式,保证能进行重复操作(下同)*/<br />\r\n{<br />\r\nswitch(Menu())<br />\r\n{ case 0:<br />\r\nsystem(&quot;cls&quot;);<br />\r\nSave();<br />\r\nprintf(&quot;\\n\\n\\t文件保存成功!\\n&quot;); <br />\r\nprintf(&quot;\\n\\n\\tGoodBye!\\n&quot;); <br />\r\ngetch(); <br />\r\nexit(0);<br />\r\ncase 1:Insert_New_Book();break; /*功能调用*/<br />\r\ncase 2:Insert_New_Reader();break;<br />\r\ncase 3:Find_Select();break;<br />\r\ncase 4:Borrow_Book();break;<br />\r\ncase 5:Return_Book();break;<br />\r\ncase 6:about();break;<br />\r\ncase 7:del_old_book();break;<br />\r\ncase 8:del_old_reader();break;<br />\r\ncase 9:Print_Select();break;<br />\r\ncase 10:book_not_enough();break;<br />\r\ncase 11:Save(); Load();<br />\r\nprintf(&quot;\\n文件保存成功!按任意键进行下步操作....&quot;);<br />\r\ngetch(); system(&quot;cls&quot;);break;<br />\r\ndefault:printf(&quot;\\n错误!&quot;);exit(0);<br />\r\n}<br />\r\n}<br />\r\n}<br />\r\n<br />\r\n<br />\r\nvoid Init() /*初始化*/<br />\r\n{ <br />\r\nInit_reader();<br />\r\nInit_book();<br />\r\n}<br />\r\n<br />\r\nvoid Init_reader() /*初始化读者信息(从键盘输入一组数据)*/<br />\r\n{<br />\r\nRD *p0;<br />\r\nint i;<br />\r\nprintf(&quot;\\n读者初始化开始,请输入读者信息..\\n包括编号.姓名..\\n&quot;);<br />\r\np0=(RD *)malloc(sizeof(RD));<br />\r\nh_reader=p0;<br />\r\nprintf(&quot;\\n请输入读者的信息:\\n&quot;);<br />\r\nprintf(&quot;ReaderNo.:&quot;); /*输入读者编号(唯一)*/<br />\r\nscanf(&quot;%s&quot;,p0-&gt;reader_num);<br />\r\nprintf(&quot;ReaderName:&quot;); /*输入读者姓名(不唯一)*/<br />\r\nscanf(&quot;%s&quot;,p0-&gt;reader_name);<br />\r\np0-&gt;right=0;<br />\r\nfor(i=0;i&lt;Max;i++)<br />\r\nstrcpy(p0-&gt;borrow[i].borrow_book_num,&quot;0&quot;); <br />\r\n/*所借图书直接置为0(即没有借书)*/<br />\r\np0-&gt;next=NULL;<br />\r\nprintf(&quot;\\n读者信息初始化完毕!按任意键继续下一步操作..\\n&quot;); <br />\r\n/*头接点建立完毕*/<br />\r\ngetch();<br />\r\nsystem(&quot;cls&quot;);<br />\r\n}<br />\r\n<br />\r\nvoid Init_book() /*初始化图书信息(从键盘输入一组数据)*/<br />\r\n{<br />\r\nBK *p0;<br />\r\nprintf(&quot;\\n图书初始化开始,请输入图书信息..\\n包括编号.书名.数量..\\n&quot;);<br />\r\np0=(BK *)malloc(sizeof(BK));<br />\r\nh_book=p0;<br />\r\nprintf(&quot;\\n请输入图书信息:\\n&quot;);<br />\r\nprintf(&quot;BookNo.:&quot;); /*输入图书编号(唯一)*/<br />\r\nscanf(&quot;%s&quot;,p0-&gt;book_num);<br />\r\nprintf(&quot;BookName:&quot;); /*输入图书名称(不唯一)*/<br />\r\nscanf(&quot;%s&quot;,p0-&gt;book_name);<br />\r\nprintf(&quot;Number:&quot;); /*输入图书数量*/<br />\r\nscanf(&quot;%d&quot;,&amp;p0-&gt;book_kc);<br />\r\np0-&gt;book_xc=p0-&gt;book_kc; /*开始时图书现存量和库存量相等*/<br />\r\np0-&gt;next=NULL;<br />\r\nprintf(&quot;\\n图书信息初始化完毕!按任意键继续下一步操作..\\n&quot;);<br />\r\ngetch();<br />\r\nsystem(&quot;cls&quot;);<br />\r\n}<br />\r\n<br />\r\n<br />\r\nvoid Insert_New_Reader() /*增加新读者*/<br />\r\n{<br />\r\nRD *p,*p0,*p1,*p2;<br />\r\nint i;<br />\r\np=p1=p2=h_reader;<br />\r\nprintf(&quot;\\n增加新读者模块...\\n&quot;);<br />\r\nprintf(&quot;\\n请输入新读者信息..\\n包括编号.姓名..\\n&quot;);<br />\r\np0=(RD *)malloc(sizeof(RD)); /*开辟结点,存储新的读者信息*/<br />\r\nre_input_reader: /*设置标志符,重新输入时返回到这(下同)*/<br />\r\nprintf(&quot;ReaderNo.:&quot;); /*同上*/<br />\r\nscanf(&quot;%s&quot;,p0-&gt;reader_num);<br />\r\n<br />\r\nwhile(strcmp(p0-&gt;reader_num,p2-&gt;reader_num)!=0&amp;&amp;p2-&gt;next!=NULL) <br />\r\n/*排查读者编号是否已经存在*/<br />\r\np2=p2-&gt;next;<br />\r\nif(strcmp(p0-&gt;reader_num,p2-&gt;reader_num)==0) <br />\r\n/*如果存在,则重新输入,直至不重复*/<br />\r\n{<br />\r\nprintf(&quot;\\n此编号读者已存在!请重新输入\\n&quot;);<br />\r\ngoto re_input_reader;<br />\r\n}<br />\r\n<br />\r\nprintf(&quot;ReaderName:&quot;);<br />\r\nscanf(&quot;%s&quot;,p0-&gt;reader_name);<br />\r\np0-&gt;right=0; <br />\r\n/*表示读者最初借书数目为 0 (即一本书都没有借)*/<br />\r\nfor(i=0;i&lt;Max;i++)<br />\r\nstrcpy(p0-&gt;borrow[i].borrow_book_num,&quot;0&quot;); /*同初始化*/<br />\r\n<br />\r\nwhile(strcmp(p-&gt;reader_num,p0-&gt;reader_num)!=0&amp;&amp;p-&gt;next!=NULL)<br />\r\n{ <br />\r\np1=p; p=p-&gt;next; /*遍历链表,(p1为标志指针)插入新的结点*/<br />\r\n}<br />\r\nif(strcmp(p0-&gt;reader_num,p-&gt;reader_num)&lt;=0) <br />\r\n/*简单的插入操作(不再赘述)*/<br />\r\n{<br />\r\nif(p==h_reader) h_reader=p0;<br />\r\nelse p1-&gt;next=p0;<br />\r\np0-&gt;next=p;<br />\r\n}<br />\r\nelse<br />\r\n{<br />\r\np-&gt;next=p0;<br />\r\np0-&gt;next=NULL;<br />\r\n}<br />\r\n<br />\r\nprintf(&quot;\\n新读者增加完毕!按任意键继续下一步操作..\\n&quot;);<br />\r\ngetch();<br />\r\nsystem(&quot;cls&quot;);<br />\r\n<br />\r\n}<br />\r\n<br />\r\nvoid Insert_New_Book()<br />\r\n{<br />\r\nBK *p,*p0,*p1,*p2; /*基本原理同上*/<br />\r\np=p1=p2=h_book;<br />\r\nprintf(&quot;\\n新书入库模块...\\n&quot;);<br />\r\nprintf(&quot;\\n请输入新读者信息..\\n包括编号.书名.数量..\\n&quot;);<br />\r\n<br />\r\np0=(BK *)malloc(sizeof(BK));<br />\r\n<br />\r\nprintf(&quot;BookNo.:&quot;);<br />\r\nscanf(&quot;%s&quot;,p0-&gt;book_num);<br />\r\n<br />\r\nwhile(strcmp(p0-&gt;book_num,p2-&gt;book_num)!=0&amp;&amp;p2-&gt;next!=NULL)<br />\r\np2=p2-&gt;next;<br />\r\nif(strcmp(p0-&gt;book_num,p2-&gt;book_num)==0) <br />\r\n/*此出分两种情况,若图书编号存在,则直接进库,只须输入书的数量*/<br />\r\n{<br />\r\nprintf(&quot;\\n此编号图书已存在!!直接入库!\\n&quot;); <br />\r\nprintf(&quot;Number:&quot;);<br />\r\nscanf(&quot;%d&quot;,&amp;p0-&gt;book_kc);<br />\r\np2-&gt;book_kc+=p0-&gt;book_kc;<br />\r\np2-&gt;book_xc+=p0-&gt;book_kc;<br />\r\ngoto end;<br />\r\n}<br />\r\n<br />\r\nprintf(&quot;BookName:&quot;);<br />\r\n/*若不存在,则需要输入其他的信息 ,然后在进行插入操作*/<br />\r\nscanf(&quot;%s&quot;,p0-&gt;book_name);<br />\r\nprintf(&quot;Number:&quot;);<br />\r\nscanf(&quot;%d&quot;,&amp;p0-&gt;book_kc);<br />\r\np0-&gt;book_xc=p0-&gt;book_kc; <br />\r\n<br />\r\nwhile(strcmp(p-&gt;book_num,p0-&gt;book_num)!=0&amp;&amp;p-&gt;next!=NULL) <br />\r\n{<br />\r\np1=p; p=p-&gt;next;<br />\r\n}<br />\r\nif(strcmp(p0-&gt;book_num,p-&gt;book_num)&lt;=0)<br />\r\n{<br />\r\nif(p==h_book) h_book=p0;<br />\r\nelse p1-&gt;next=p0;<br />\r\np0-&gt;next=p;<br />\r\n}<br />\r\nelse<br />\r\n{<br />\r\np-&gt;next=p0;<br />\r\np0-&gt;next=NULL;<br />\r\n}<br />\r\nend:<br />\r\nprintf(&quot;\\n新书入库完毕!按任意键继续下一步操作..\\n&quot;);<br />\r\ngetch();<br />\r\nsystem(&quot;cls&quot;);<br />\r\n<br />\r\n}<br />\r\n<br />\r\nint Find() /*查找菜单*/<br />\r\n{<br />\r\nint sn;<br />\r\nprintf(&quot;\\n\\t\\t打印全部信息菜单\\n&quot;);<br />\r\nprintf(&quot;=================================================\\n&quot;);<br />\r\nprintf(&quot;*\\t0----返回上级 1----关于系统 \\t*\\n&quot;);<br />\r\nprintf(&quot;*\\t \\t*\\n&quot;);<br />\r\nprintf(&quot;*\\t2----查找图书 3----查找读者 \\t*\\n&quot;);<br />\r\nprintf(&quot;=================================================\\n&quot;);<br />\r\nprintf(&quot;请选择相应代码:&quot;);<br />\r\nfor(;;) /*同上主菜单*/<br />\r\n{ <br />\r\nscanf(&quot;%d&quot;,&amp;sn); <br />\r\nfflush(stdin); <br />\r\nif(sn&lt;0||sn&gt;3)<br />\r\nprintf(&quot;\\n错误!请重新输入:&quot;);<br />\r\nelse break;<br />\r\n}<br />\r\nreturn sn; <br />\r\n}<br />\r\n<br />\r\nvoid Find_Select() /*选择菜单*/<br />\r\n{<br />\r\nsystem(&quot;cls&quot;);<br />\r\nfor(;;) /*模式同主菜单*/<br />\r\n{<br />\r\nswitch(Find()) /*功能选择(同主菜单)*/<br />\r\n{ <br />\r\ncase 0:system(&quot;cls&quot;); Menu_select(); break; <br />\r\ncase 1:about();break;<br />\r\ncase 2:Find_Book();break;<br />\r\ncase 3:Find_Reader();break;<br />\r\ndefault:printf(&quot;\\n错误!&quot;);exit(0);<br />\r\n}<br />\r\n}<br />\r\n}<br />\r\n<br />\r\n<br />\r\nvoid Find_Book() /*查找图书*/<br />\r\n{<br />\r\nBK *p;<br />\r\nchar find_book[10]; /*功能很简单,因为读者编号唯一,查找只须一次遍历*/<br />\r\np=h_book;<br />\r\nprintf(&quot;\\n图书查询模块\\n&quot;);<br />\r\nprintf(&quot;\\n请输入你要查询图书编号:&quot;);<br />\r\nscanf(&quot;%s&quot;,find_book);<br />\r\n<br />\r\nwhile(strcmp(p-&gt;book_num,find_book)!=0&amp;&amp;p-&gt;next)<br />\r\np=p-&gt;next;<br />\r\n<br />\r\nif(strcmp(p-&gt;book_num,find_book)==0) <br />\r\n/*找到了就打印,否则提示不存在,或出错*/<br />\r\n{<br />\r\nprintf(&quot;\\n图书编号:%s的信息为:\\n&quot;,find_book);<br />\r\nprintf(&quot;\\nBookNo.\\t\\tBookName\\tXianCun \\tKuCun\\n&quot;);<br />\r\nprintf(&quot;%s\\t\\t%s\\t\\t%3d\\t\\t%3d\\n&quot;,p-&gt;book_num,p-&gt;book_name,p-&gt;book_xc,p-&gt;book_kc);<br />\r\n}<br />\r\n<br />\r\nelse<br />\r\nprintf(&quot;\\n此读者编号不存在,请核对!按任意键返回...&quot;);<br />\r\n<br />\r\ngetch(); system(&quot;cls&quot;);<br />\r\n}<br />\r\n<br />\r\nvoid Find_Reader() /*同上(不再赘述)*/<br />\r\n{<br />\r\nRD *p;<br />\r\nint i;<br />\r\nchar find_reader[10];<br />\r\np=h_reader;<br />\r\nprintf(&quot;\\n图书查询模块\\n&quot;);<br />\r\nprintf(&quot;\\n请输入你要查询图书编号:&quot;);<br />\r\nscanf(&quot;%s&quot;,find_reader);<br />\r\n<br />\r\nwhile(strcmp(p-&gt;reader_num,find_reader)!=0&amp;&amp;p-&gt;next)<br />\r\np=p-&gt;next;<br />\r\nif(strcmp(p-&gt;reader_num,find_reader)==0)<br />\r\n{<br />\r\nprintf(&quot;\\n读者编号:%s的信息为:\\n&quot;,find_reader);<br />\r\n<br />\r\nprintf(&quot;ReaderNo.\\tReaderName&quot;); <br />\r\n/*此处这样处理,是为了能实现一个读者能借多本书 Max 可以改*/<br />\r\nfor(i=0;i&lt;Max;i++)<br />\r\nprintf(&quot;\\tBorrowBookNum%d&quot;,i+1); <br />\r\nprintf(&quot;\\n&quot;);<br />\r\n<br />\r\nprintf(&quot;%s\\t\\t%s&quot;,p-&gt;reader_num,p-&gt;reader_name);<br />\r\nfor(i=0;i&lt;Max;i++)<br />\r\nprintf(&quot;\\t\\t%7s&quot;,p-&gt;borrow[i].borrow_book_num);<br />\r\nprintf(&quot;\\n&quot;);<br />\r\n}<br />\r\n<br />\r\nelse<br />\r\nprintf(&quot;\\n此图书编号不存在,请核对!按任意键返回...&quot;);<br />\r\n<br />\r\ngetch(); system(&quot;cls&quot;);<br />\r\n}<br />\r\n<br />\r\nvoid Borrow_Book() /*借书模块*/<br />\r\n{<br />\r\nBK *p; RD *q;<br />\r\nchar bo_num[10],rea_num[10];<br />\r\nint i;<br />\r\np=h_book; q=h_reader;<br />\r\nprintf(&quot;\\n借书模块...\\n&quot;);<br />\r\nprintf(&quot;\\n请输入借书的读者编号:&quot;); /*先输入借书的读者信息*/<br />\r\nscanf(&quot;%s&quot;,rea_num);<br />\r\nwhile(q-&gt;next!=NULL&amp;&amp;strcmp(rea_num,q-&gt;reader_num)!=0) <br />\r\n/*遍历一次读者链表,判断读者是否存在*/<br />\r\nq=q-&gt;next;<br />\r\nif(q-&gt;next==NULL&amp;&amp;strcmp(rea_num,q-&gt;reader_num)!=0) <br />\r\n/*如果存在,则继续,不存在就、则提示错误!*/<br />\r\n{<br />\r\nprintf(&quot;\\n错误!此读者编号不存在!按任意键返回..\\n&quot;);<br />\r\ngoto END;<br />\r\n}<br />\r\n<br />\r\nprintf(&quot;\\n请输入你要借的书的编号:&quot;); <br />\r\nscanf(&quot;%s&quot;,bo_num);<br />\r\n<br />\r\nwhile(strcmp(bo_num,p-&gt;book_num)!=0&amp;&amp;p-&gt;next!=NULL) <br />\r\n/*遍历一次图书链表,判断此图书是否存在*/<br />\r\np=p-&gt;next;<br />\r\nif(p-&gt;next==NULL&amp;&amp;strcmp(bo_num,p-&gt;book_num)!=0) <br />\r\n/*如果存在,则继续,不存在就、则提示错误!*/<br />\r\n{<br />\r\nprintf(&quot;\\n错误!此图书编号不存在!按任意键返回..\\n&quot;);<br />\r\ngoto END;<br />\r\n}<br />\r\n<br />\r\nif(p-&gt;book_xc&lt;=0) /*判断此图书是否还有库存*/ <br />\r\n{<br />\r\nprintf(&quot;\\n抱歉,此书已借完!请等待新书的到来!!\\n按任意键返回....&quot;);<br />\r\ngoto END;<br />\r\n}<br />\r\n<br />\r\nif(q-&gt;right&gt;=Max) /*判断此读者借书权限是否已达最大*/<br />\r\n{<br />\r\nprintf(&quot;\\n不好意思,借书数目已满!不能借书!\\n按任意键返回....&quot;);<br />\r\ngoto END;<br />\r\n}<br />\r\n<br />\r\nelse if(strcmp(q-&gt;borrow[0].borrow_book_num,&quot;0&quot;)!=0) <br />\r\n<br />\r\n/*先判断此读者是否已经借书,再判断此读者是否要借两本一样的书*/<br />\r\n{<br />\r\nfor(i=0;i&lt;Max;i++) /*遍历一次读者所借的书,如果发现有重复,则结束*/<br />\r\n{<br />\r\nif(strcmp(q-&gt;borrow[i].borrow_book_num,bo_num)==0)<br />\r\n{<br />\r\nprintf(&quot;\\n抱歉!同一个读者不能同借两本相同的书!\\n&quot;);<br />\r\ngoto END;<br />\r\n}<br />\r\n<br />\r\nif(strcmp(q-&gt;borrow[i].borrow_book_num,&quot;0&quot;)==0)<br />\r\n/*如果没有重复,则借书完毕*/<br />\r\n{<br />\r\nstrcpy(q-&gt;borrow[q-&gt;right++].borrow_book_num,bo_num); <br />\r\n/*记录所借书号,并且借书数目加一,现存量减一*/<br />\r\np-&gt;book_xc--;<br />\r\nprintf(&quot;\\n读者编号%s借书完毕!按任意键继续下步操作..&quot;,q-&gt;reader_num);<br />\r\ngoto END;<br />\r\n}<br />\r\n}<br />\r\n}<br />\r\n<br />\r\nelse /*如果前面的要求都满足,并且此读者从未借过书,则借书完毕*/ <br />\r\n{<br />\r\nstrcpy(q-&gt;borrow[q-&gt;right++].borrow_book_num,bo_num);<br />\r\np-&gt;book_xc--;<br />\r\nprintf(&quot;\\n读者编号%s借书完毕!按任意键继续下步操作..&quot;,q-&gt;reader_num);<br />\r\n}<br />\r\n<br />\r\nEND:<br />\r\ngetch(); system(&quot;cls&quot;);<br />\r\n}<br />\r\n<br />\r\nvoid Return_Book() /*还书*/<br />\r\n{<br />\r\nBK *p; RD *q;<br />\r\nint i,j,find=0;<br />\r\nchar return_book_num[10],return_reader_num[10];<br />\r\np=h_book; q=h_reader;<br />\r\nprintf(&quot;\\n还书模块...\\n&quot;);<br />\r\nprintf(&quot;\\n请输入要还书的读者编号:&quot;); /*基本同上*/<br />\r\nscanf(&quot;%s&quot;,return_reader_num);<br />\r\nwhile(q-&gt;next!=NULL&amp;&amp;strcmp(return_reader_num,q-&gt;reader_num)!=0) <br />\r\nq=q-&gt;next;<br />\r\nif(q-&gt;next==NULL&amp;&amp;strcmp(return_reader_num,q-&gt;reader_num)!=0)<br />\r\n{<br />\r\nprintf(&quot;\\n错误!此读者编号不存在!按任意键返回..\\n&quot;);<br />\r\ngoto End_return_book;<br />\r\n}<br />\r\n<br />\r\nprintf(&quot;\\n请输入读者还书的编号:&quot;);<br />\r\nscanf(&quot;%s&quot;,return_book_num);<br />\r\n<br />\r\nwhile(p-&gt;next!=NULL&amp;&amp;strcmp(return_book_num,p-&gt;book_num)!=0)<br />\r\np=p-&gt;next;<br />\r\n<br />\r\nif(p-&gt;next==NULL&amp;&amp;strcmp(return_book_num,p-&gt;book_num)!=0)<br />\r\n{<br />\r\nprintf(&quot;\\n错误!此图书编号不存在!按任意键返回..\\n&quot;);<br />\r\ngoto End_return_book;<br />\r\n}<br />\r\n<br />\r\nfor(i=0;i&lt;Max;i++)<br />\r\nif(strcmp(return_book_num,q-&gt;borrow[i].borrow_book_num)==0) <br />\r\n/*如果此读者借了此书,则还书完毕*/<br />\r\n{<br />\r\nfind++;<br />\r\n/*设置标志,用于判断读者是否借了此书,若借了,则find=1,否则为0*/<br />\r\nfor(j=i;j&lt;Max;j++)<br />\r\nstrcpy(q-&gt;borrow[j].borrow_book_num,q-&gt;borrow[j+1].borrow_book_num); <br />\r\nstrcpy(q-&gt;borrow[Max-1].borrow_book_num,&quot;0&quot;);<br />\r\n<br />\r\np-&gt;book_xc++;<br />\r\nq-&gt;right--;<br />\r\n<br />\r\nprintf(&quot;\\n编号%s的读者还书完毕!按任意键继续下步操作..&quot;,return_reader_num);<br />\r\n}<br />\r\n<br />\r\nif(strcmp(return_book_num,q-&gt;borrow[Max-1].borrow_book_num)!=0&amp;&amp;find==0) <br />\r\n/*为什么有个find==0,因为遍历时循环Max次,如循环完毕还没有找到,<br />\r\n则说明读者没有借此书,find用来保证只打印一次结果,否则每循环一次就会打印一个结果*/<br />\r\n<br />\r\nprintf(&quot;\\n错误!此读者未借此书!按任意键返回..\\n&quot;);<br />\r\n/*如果遍历读者所借的书号,发现读者未借此书,则提示错误!*/<br />\r\n<br />\r\nEnd_return_book:<br />\r\ngetch(); system(&quot;cls&quot;);<br />\r\n}<br />\r\n<br />\r\nvoid del_old_book() /*删除旧图书*/<br />\r\n{<br />\r\nBK *p,*q;<br />\r\nchar del_num[10];<br />\r\np=h_book;<br />\r\nprintf(&quot;\\n旧书出库模块\\n&quot;);<br />\r\nprintf(&quot;\\n请输入要出库的图书编号:&quot;);<br />\r\nscanf(&quot;%s&quot;,del_num);<br />\r\n<br />\r\nwhile(strcmp(p-&gt;book_num,del_num)!=0&amp;&amp;p-&gt;next!=NULL) /*遍历图书链表*/<br />\r\n{ q=p; p=p-&gt;next; }<br />\r\n<br />\r\nif(strcmp(p-&gt;book_num,del_num)==0)<br />\r\n{<br />\r\nif(p-&gt;book_kc!=p-&gt;book_xc) /*如果库存不等于现存,则说明读者还未归还图书,不能出库,否则数据错误*/<br />\r\nprintf(&quot;\\n抱歉,此图书未归还,不能出库!按任意键返回...&quot;);<br />\r\nelse<br />\r\n{ /*删除结点的基本操作*/<br />\r\nif(p==h_book)<br />\r\nh_book=p-&gt;next;<br />\r\nelse<br />\r\nq-&gt;next=p-&gt;next;<br />\r\nfree(p);<br />\r\n<br />\r\nprintf(&quot;\\n编号为%s的图书删除完毕!按任意键继续...&quot;,del_num);<br />\r\n}<br />\r\n}<br />\r\n<br />\r\nelse<br />\r\nprintf(&quot;\\n你输入的图书编号不存在!按任意键返回...&quot;);<br />\r\n<br />\r\ngetch(); system(&quot;cls&quot;);<br />\r\n}<br />\r\n<br />\r\nvoid del_old_reader() /*删除旧的读者*/<br />\r\n{<br />\r\nRD *p,*q;<br />\r\nchar del_num[10];<br />\r\np=h_reader;<br />\r\nprintf(&quot;\\n删除旧读者模块\\n&quot;);<br />\r\nprintf(&quot;\\n请输入要删除的读者编号:&quot;);<br />\r\nscanf(&quot;%s&quot;,del_num);<br />\r\n<br />\r\nwhile(strcmp(p-&gt;reader_num,del_num)!=0&amp;&amp;p-&gt;next!=NULL) /*遍历读者链表*/<br />\r\n{ q=p; p=p-&gt;next; }<br />\r\n<br />\r\nif(strcmp(p-&gt;reader_num,del_num)==0) <br />\r\n/*如果读者信息存在,但还有书未归还,则不能删除其信息,否则数据会出错*/<br />\r\n{<br />\r\nif(strcmp(p-&gt;borrow[0].borrow_book_num,&quot;0&quot;)!=0)<br />\r\nprintf(&quot;\\n抱歉,此读者还有图书没有归还,不能删除其信息!\\n按任意键继续...&quot;);<br />\r\n<br />\r\nelse<br />\r\n{<br />\r\nif(p==h_reader)<br />\r\nh_reader=p-&gt;next;<br />\r\nelse<br />\r\nq-&gt;next=p-&gt;next;<br />\r\nfree(p);<br />\r\n<br />\r\nprintf(&quot;\\n编号为%s的读者删除完毕!按任意键继续...&quot;,del_num);<br />\r\n}<br />\r\n}<br />\r\nelse<br />\r\nprintf(&quot;\\n你输入的读者编号不存在!按任意键返回...&quot;);<br />\r\n<br />\r\ngetch(); system(&quot;cls&quot;);<br />\r\n<br />\r\n}<br />\r\n<br />\r\nint Print() /*打印菜单(同上)*/<br />\r\n{<br />\r\nint sn;<br />\r\nprintf(&quot;\\n\\t\\t打印全部信息菜单\\n&quot;);<br />\r\nprintf(&quot;=================================================\\n&quot;);<br />\r\nprintf(&quot;*\\t0----返回上级 1----关于系统 \\t*\\n&quot;);<br />\r\nprintf(&quot;*\\t \\t*\\n&quot;);<br />\r\nprintf(&quot;*\\t2----打印图书 3----打印读者 \\t*\\n&quot;);<br />\r\nprintf(&quot;=================================================\\n&quot;);<br />\r\nprintf(&quot;请选择相应代码:&quot;);<br />\r\nfor(;;) <br />\r\n{ <br />\r\nscanf(&quot;%d&quot;,&amp;sn); <br />\r\nfflush(stdin); <br />\r\nif(sn&lt;0||sn&gt;3)<br />\r\nprintf(&quot;\\n错误!请重新输入:&quot;);<br />\r\nelse break;<br />\r\n}<br />\r\nreturn sn; <br />\r\n}<br />\r\n<br />\r\nvoid Print_Select()<br />\r\n{<br />\r\nsystem(&quot;cls&quot;); /*同上*/<br />\r\nfor(;;) <br />\r\n{<br />\r\nswitch(Print())<br />\r\n{ <br />\r\ncase 0:system(&quot;cls&quot;); Menu_select(); break; <br />\r\ncase 1:about();break;<br />\r\ncase 2:Print_book();break;<br />\r\ncase 3:Print_reader();break;<br />\r\ndefault:printf(&quot;\\n错误!&quot;);exit(0);<br />\r\n}<br />\r\n}<br />\r\n}<br />\r\nvoid Print_book()<br />\r\n{<br />\r\nBK *p;<br />\r\np=h_book;<br />\r\n<br />\r\nprintf(&quot;\\n库存图书信息如下:\\n\\n&quot;);<br />\r\nprintf(&quot;BookNo.\\t\\tBookName\\tXianCun \\tKuCun\\n&quot;); <br />\r\n/*很简单,直接打印所有图书的信息,遍历链表一次就可以了*/<br />\r\nwhile(p!=NULL)<br />\r\n{<br />\r\nprintf(&quot;%s\\t\\t%s\\t\\t%3d\\t\\t%3d\\n&quot;,p-&gt;book_num,p-&gt;book_name,p-&gt;book_xc,p-&gt;book_kc);<br />\r\np=p-&gt;next;<br />\r\n}<br />\r\nprintf(&quot;\\n图书信息打印完毕!按任意键继续下一步操作..&quot;);<br />\r\ngetch();<br />\r\nsystem(&quot;cls&quot;);<br />\r\n}<br />\r\n<br />\r\nvoid Print_reader() <br />\r\n{<br />\r\nRD *p;<br />\r\nint i;<br />\r\np=h_reader;<br />\r\n<br />\r\nprintf(&quot;\\n库存读者信息如下:\\n\\n&quot;);<br />\r\nprintf(&quot;ReaderNo.\\tReaderName&quot;); /*上面已经解释为什么要这样处理*/<br />\r\nfor(i=0;i&lt;Max;i++)<br />\r\nprintf(&quot;\\tBorrowBookNum%d&quot;,i+1);<br />\r\nprintf(&quot;\\n&quot;);<br />\r\nwhile(p!=NULL) /*遍历链表一次就可以了*/<br />\r\n{<br />\r\nprintf(&quot;%s\\t\\t%s&quot;,p-&gt;reader_num,p-&gt;reader_name);<br />\r\nfor(i=0;i&lt;Max;i++)<br />\r\nprintf(&quot;\\t\\t%7s&quot;,p-&gt;borrow[i].borrow_book_num);<br />\r\nprintf(&quot;\\n&quot;);<br />\r\np=p-&gt;next;<br />\r\n}<br />\r\nprintf(&quot;\\n读者信息打印完毕!按任意键继续下一步操作..&quot;);<br />\r\ngetch();<br />\r\nsystem(&quot;cls&quot;);<br />\r\n}<br />\r\n<br />\r\nvoid about() /*程序的一些说明*/<br />\r\n{<br />\r\nsystem(&quot;cls&quot;);<br />\r\nprintf(&quot;\\n\\n\\n\\t\\t\\t关 于 本 系 统 的 说 明\\n&quot;);<br />\r\nprintf(&quot;\\n\\t\\t1.本系统为模拟小型图书馆而设计,界面采用数字选择界面.\\n&quot;);<br />\r\nprintf(&quot;\\n\\t\\t2.系统初始化时提示用户输入两组信息.\\n&quot;);<br />\r\nprintf(&quot;\\n\\t\\t3.初始化完毕后每个读者的借书权限为3本.\\n\\n\\t\\t4.读者借书后会在其信息中记录所借书号,未借者书号均为 0.\\n&quot;);<br />\r\nprintf(&quot;\\n\\t\\t5.由于时间等原因,系统的其他功能还不健全,望大家见谅!&quot;);<br />\r\nprintf(&quot;\\n\\n\\t\\t6.建议:双击可执行文件后,在任务栏那点右键--&gt;属性--&gt;颜色\\n\\n\\t\\t 设置屏幕文字为:深蓝色(第10个) 屏幕背景为:淡绿色(第12个)&quot;);<br />\r\nprintf(&quot;\\n\\n\\t\\t 具体方法请参看文件夹内Word文档.\\n\\n\\t\\t7.系统如有其他问题,请联系作者!&quot;);<br />\r\nprintf(&quot;\\n\\n\\t\\t E-mail:dukai1008@163.com\\tQQ:99598123&quot;);<br />\r\nprintf(&quot;\\n\\n\\n\\t\\t阅 读 完 毕, 按 任 意 键 继 续 ...&quot;);<br />\r\n<br />\r\ngetch(); system(&quot;cls&quot;);<br />\r\n}<br />\r\n<br />\r\nvoid book_not_enough() /*打印现存不足图书信息*/<br />\r\n{<br />\r\nBK *p;<br />\r\nint i=0;<br />\r\np=h_book;<br />\r\nwhile(p!=NULL)<br />\r\n{<br />\r\nif(p-&gt;book_xc==0) /*直接判断现存量*/<br />\r\n{<br />\r\ni++; /*标志变量(同上)*/<br />\r\nprintf(&quot;\\n库存不足的图书有:\\n&quot;);<br />\r\nprintf(&quot;\\nBookNumber\\t\\tBookName\\n&quot;);<br />\r\nprintf(&quot;%s\\t\\t\\t%s\\n&quot;,p-&gt;book_num,p-&gt;book_name);<br />\r\n}<br />\r\np=p-&gt;next;<br />\r\n}<br />\r\n<br />\r\nif(p==NULL&amp;&amp;i==0)<br />\r\nprintf(&quot;\\n暂时没有库存不足的图书!&quot;);<br />\r\ngetch(); system(&quot;cls&quot;);<br />\r\n<br />\r\n}<br />\r\n<br />\r\n<br />\r\nvoid Save() /*保存函数*/<br />\r\n{<br />\r\nSave_Reader();<br />\r\nSave_Book();<br />\r\n}<br />\r\n<br />\r\nvoid Save_Reader() <br />\r\n{<br />\r\nFILE *fp_reader;<br />\r\nRD *p,*p0;<br />\r\np=h_reader;<br />\r\nif((fp_reader=fopen(&quot;Reader.dat&quot;,&quot;wb&quot;))==NULL) /*创建文件,进行保存*/<br />\r\n{<br />\r\nprintf(&quot;\\n文件保存失败!\\n请重新启动本系统...\\n&quot;);<br />\r\nexit(0);<br />\r\n}<br />\r\nwhile(p!=NULL) <br />\r\n{<br />\r\nif(fwrite(p,sizeof(RD),1,fp_reader)!=1) /*将链表中的信息写入文件中*/<br />\r\nprintf(&quot;\\n写入文件失败!\\n请重新启动本系统!\\n&quot;);<br />\r\np0=p;<br />\r\np=p-&gt;next;<br />\r\nfree(p0); /*释放所有结点*/<br />\r\n}<br />\r\nh_reader=NULL;<br />\r\nfclose(fp_reader); <br />\r\n}<br />\r\n<br />\r\nvoid Save_Book()<br />\r\n{<br />\r\nFILE *fp_book; /*同上*/<br />\r\nBK *p,*p0;<br />\r\np=h_book;<br />\r\nif((fp_book=fopen(&quot;Book.dat&quot;,&quot;wb&quot;))==NULL) <br />\r\n{<br />\r\nprintf(&quot;\\n文件保存失败!\\n请重新启动本系统...\\n&quot;);<br />\r\nexit(0);<br />\r\n}<br />\r\nwhile(p!=NULL) <br />\r\n{<br />\r\nif(fwrite(p,sizeof(BK),1,fp_book)!=1)<br />\r\nprintf(&quot;\\n写入文件失败!\\n请重新启动本系统!\\n&quot;);<br />\r\np0=p;<br />\r\np=p-&gt;next;<br />\r\nfree(p0); <br />\r\n}<br />\r\nh_book=NULL;<br />\r\nfclose(fp_book); <br />\r\n}<br />\r\n<br />\r\n<br />\r\nvoid Load() /*加载已保存的文件*/<br />\r\n{<br />\r\nLoad_Reader();<br />\r\nLoad_Book();<br />\r\n}<br />\r\n<br />\r\n<br />\r\nvoid Load_Reader()<br />\r\n{<br />\r\nRD *p1,*p2,*p3;<br />\r\nFILE *fp;<br />\r\n<br />\r\nfp=fopen(&quot;Reader.dat&quot;,&quot;rb&quot;);<br />\r\np1=(RD *)malloc(sizeof(RD));<br />\r\nfread(p1,sizeof(RD),1,fp);<br />\r\nh_reader=p3=p2=p1;<br />\r\nwhile(! feof(fp)) /*读出信息,重新链入链表*/<br />\r\n{ p1=(RD *)malloc(sizeof(RD));<br />\r\nfread(p1,sizeof(RD),1,fp);<br />\r\np2-&gt;next=p1;<br />\r\np3=p2;<br />\r\np2=p1;<br />\r\n}<br />\r\np3-&gt;next=NULL;<br />\r\nfree(p1);<br />\r\nfclose(fp);<br />\r\n}<br />\r\n<br />\r\n<br />\r\nvoid Load_Book()<br />\r\n{<br />\r\nBK *p1,*p2,*p3;<br />\r\nFILE *fp;<br />\r\n<br />\r\nfp=fopen(&quot;Book.dat&quot;,&quot;rb&quot;); /*同上*/<br />\r\np1=(BK *)malloc(sizeof(BK));<br />\r\nfread(p1,sizeof(BK),1,fp);<br />\r\nh_book=p3=p2=p1;<br />\r\nwhile(! feof(fp))<br />\r\n{ p1=(BK *)malloc(sizeof(BK));<br />\r\nfread(p1,sizeof(BK),1,fp);<br />\r\np2-&gt;next=p1;<br />\r\np3=p2;<br />\r\np2=p1;<br />\r\n}<br />\r\np3-&gt;next=NULL;<br />\r\nfree(p1);<br />\r\nfclose(fp);<br />\r\n}<br />\r\n<br />\r\n<br />\r\nvoid main() <br />\r\n{<br />\r\nFILE *fp_book,*fp_reader;<br />\r\nif((fp_book=fopen(&quot;Book.dat&quot;,&quot;rb&quot;))==NULL||(fp_reader=fopen(&quot;Reader.dat&quot;,&quot;rb&quot;))==NULL)<br />\r\n{<br />\r\nabout(); /*第一次启动系统,则进行初始化,否则进行加载*/<br />\r\nInit();<br />\r\n}<br />\r\nelse<br />\r\nLoad();<br />\r\n<br />\r\nMenu_select(); /*调用主菜单*/<br />\r\n}<br />\r\n<br />\r\n<span style=\"color: #0000ff\"><span style=\"font-size: small\"><span style=\"font-family: 隶书\">如有需要原程序学习的朋友,可以留下你的邮箱,我会在第一时间将程序发到你邮箱（包括可执行文件）<br />\r\n<br />\r\n使用时必须注明版权所有,本程序最终版权归作者杜凯所有<br />\r\n<br />\r\n由于此空间不支持下载，所以不能提供下载功能,由此带来的不便,请谅解<br />\r\n</span></span></span>',59,'2011-08-24'),(14,3,'一上QQ,cup过一会就100%?','好','也不知道是怎么搞的，我上我自己的QQ就很好，也不出现100%的现象<br />\r\n<br />\r\n但是呢，我一登陆我女朋友的QQ就不行了，一分钟不到就会CUP100%<br />\r\n<br />\r\n你说这个郁闷啊！搞得我只能用WEB版的QQ&nbsp;了<br />\r\n<br />\r\n我分析了下，如果是电脑中毒了，那我的QQ也应该不能登陆才对啊，但是出巧的是，我的可以<br />\r\n<br />\r\n后来我怀疑啊，可能是有谁在故意攻击我女朋友的QQ，很有可能！<br />\r\n<br />\r\n后来我又试了好几个QQ，也没有出现这样的情况啊，所以肯定是那个JR在搞破坏！<br />\r\n<br />\r\n不知道大家有没有遇到这样的问题啊？？',35,'2011-09-07'),(15,2,'放假完了，都没有什么感觉','飞','放假一个星期了，玩得还行吧<br />\r\n<br />\r\n整天陪着女朋友，好开心的<br />\r\n<br />\r\n陪她过国庆还有中秋，俺们都冒回去，在学校的日子也不错<br />\r\n<br />\r\n不知道怎么搞的，和她在一起的时间总是过的这快啊<br />\r\n<br />\r\n明天就要去上课了，好不爽啊！<br />\r\n<br />\r\n今天是最后一天了，好好玩会算了，明天去面对现实去哦。。。',72,'2013-10-08'),(16,4,'学会','就','<p>再烦，也别忘微笑；再急，也要注意语气；</p>\r\n<p>再苦，也别忘坚持；再累，也要爱自己。</p>\r\n<p>低调做人，你会一次比一次 稳健；高调做事，你会一次比一次优秀。 &shy;</p>\r\n<p>成功的时候不要忘记过去；失败的时候不要忘记还有未来。</p>\r\n<p>有望得到的要努力，无望得到的不介意，则无论输赢姿态都会好看。</p>\r\n<p>生活不是单行线，一条路走不通，你可以转弯。 &shy;</p>\r\n<p>泪水和汗水的化学成分相似，但前者只能为你换来同情，后者却可以为你赢的成功。&nbsp;</p>\r\n<p>变老是人生的必修课，变成熟是选修课。 &shy;</p>\r\n<p>以锻炼为本，学会健康；以修进为本，学会求知； &shy;</p>\r\n<p>以进德为本，学会做人；以适应为本，学会生存。</p>\r\n<p>人生四项基本原则：懂得选择，学会放弃，耐得住寂寞，经得起诱惑。 &shy;</p>\r\n<p>当所有人都低调的时候，你可以高调，但不能跑调。 &shy;</p>\r\n<p>学会忘记是生活的技术，学会微笑是生活的艺术。&nbsp;</p>\r\n<p>什么是好工作：一不影响生活作息，二不影响家庭团聚，三能养家糊口。 &shy;</p>\r\n<p>懒惰像生锈一样，比操劳更消耗身体。 &shy;</p>\r\n<p>让梦想成真的最好办法就是醒来。</p>\r\n<p>哲人无忧，智者常乐。并不是因为所爱的一切他都拥有了，而是所拥有的一切他都爱。 &shy;</p>\r\n<p>人生有几件绝对不能失去的东西:自制的力量，冷静的头脑，希望和信心。 &shy;<br />\r\n&nbsp;</p>',109,'2011-11-29'),(17,4,'戒指的戴法','w','右手小指：不谈恋爱。 <br />\r\n<br />\r\n右手无名指：热恋中。<br />\r\n<br />\r\n右手中指：名花有主。 <br />\r\n<br />\r\n右手食指：单身贵族 。　　<br />\r\n<br />\r\n左手小指：不婚族。 <br />\r\n<br />\r\n左手无名指： 结婚。 <br />\r\n<br />\r\n左手中指： 订婚。 <br />\r\n<br />\r\n左手食指： 未婚 <br />\r\n<br />\r\n大拇指都是代表权势的意思， 也可以做自信的意思。 <br />\r\n<br />\r\n追求订婚离 按照我国的习惯， 订婚戒一般戴在左手的中指， 结婚戒指戴在左手的无名指； <br />\r\n<br />\r\n未婚姑娘应戴在右手的中指或无名指 国际上比较流行的戴法是： 戴在拇指&mdash;&mdash;自我、率性；正在寻觅对象 <br />\r\n<br />\r\n戴在食指&mdash;&mdash;已有情人；想结婚而尚未结婚。<br />\r\n&nbsp;<br />\r\n戴在中指&mdash;&mdash;处于热恋之中，订婚 <br />\r\n<br />\r\n戴在小指&mdash;&mdash;表示单身或离婚或决心独身 <br />\r\n<br />\r\n无名指上&mdash;&mdash;已订婚或结婚 <br />\r\n<br />\r\n右手无名指&mdash;&mdash;表示具有修女的心性。 戴设计性比较强的戒指时，可以和表搭配 <br />\r\n<br />\r\n对女士来说&mdash;&mdash; ．<br />\r\n<br />\r\n&nbsp;&nbsp;&nbsp; 喜爱粉红者，感情丰富而浪漫。&nbsp;<br />\r\n<br />\r\n&nbsp;&nbsp;&nbsp; 喜爱红者，热情似火。 <br />\r\n<br />\r\n&nbsp;&nbsp;&nbsp; 喜爱蓝者．较内向冷淡。 <br />\r\n<br />\r\n&nbsp;&nbsp;&nbsp; 喜爱绿者，情感纤弱。 <br />\r\n<br />\r\n对男士来说&mdash;&mdash; ．戴纯银戒指表示性情温和，易迁就他人，容易沟通。 <br />\r\n<br />\r\n&nbsp;&nbsp;&nbsp; 戴金戒指者较重视利益，往往会有精明的生意头脑。&nbsp;<br />\r\n<br />\r\n&nbsp;&nbsp;&nbsp; 戴翡翠玉石者有实力，注重品味素质，处事严谨。 <br />\r\n<br />\r\n&nbsp;&nbsp;&nbsp; 不喜欢戒指有纹饰者，是个坚信爱情的人。 <br />\r\n<br />\r\n戒指戴在不同的手指上，能体现与性格有关的心理含义。 <br />\r\n<br />\r\n喜戴在食指者，性格较偏激倔强。 <br />\r\n<br />\r\n喜戴在右中指者，心理平衡，态度客观；崇尚中庸的人生观念。 <br />\r\n<br />\r\n喜戴在左中指者，有责任感，重视家庭。 <br />\r\n<br />\r\n喜戴在小手指者，有自卑感。 <br />\r\n<br />\r\n喜戴在无名指者，无野心，随和，较不计较得失。<br />\r\n&nbsp;<br />\r\n<br />\r\n戴戒指应该注意： 戴在食指上的戒指，要求有立体感的造型。 <br />\r\n<br />\r\n戴在中指上的戒指，要求大气、有重量感，能够给人以较正式、积极的感觉。 <br />\r\n<br />\r\n戴在无名指的戒指，适合正统造型 戴在小指上的戒指，适合可爱、秀气的造型，因为小手指给人以女性化的感觉。 手指修长，适宜宽戒和有体积感的戒指 肥胖型的手适合戴螺旋造型的戒指，这样能使手指稍显纤细。 短粗型的手可选择流线造型的戒指。 <br />\r\n<br />\r\n指上心愿：<br />\r\n<br />\r\n小指：小指传达的是一种媚惑性感的讯息，戒指戴在其上将会有意想不到的事发生； <br />\r\n<br />\r\n无名指：相传无名指与心脏相连，最适合发表神圣的誓言； <br />\r\n<br />\r\n中指：戒指戴在中指上最能营造自由爽朗的气氛，能让人灵感涌现，变得更有魅力、有异性缘； <br />\r\n<br />\r\n食指：而把戒指戴在食指上个性会变得开朗而独立； <br />\r\n<br />\r\n拇指：戒指戴在拇指可助你达成心愿。 <br />\r\n<br />\r\n指甲戒，则是戴在手指尖上的，专门修饰你的指甲和指尖。 为什么结婚戒指要戴在无名指上&mdash;&mdash;奇妙的生理现象 将两手中指向下弯曲，背跟背对靠在一起，其它4指指尖对碰。 <br />\r\n<br />\r\n下面开始游戏的正题： <br />\r\n1.请张开你们那对大母指，大母指代表我们的父母 <br />\r\n2.请大家合上大母指，再张开食指，食指代表兄弟姐妹 <br />\r\n3.请大家合上食指，再张开小母指，小母指代表子女 <br />\r\n4.那么，请大家合上小母指，再试着张开无名指，无名指怎么也张不开&mdash;&mdash;夫妻',84,'2011-11-29'),(18,1,'网络文章修改了','网络文章修改了','网络文章修改了',64,'2014-08-24'),(19,6,'点点滴滴','点点滴滴','顶顶顶顶顶大大大',58,'2011-11-29'),(20,1,'2015/5/7','2015/5/7','2015/5/7',28,'2015-05-07'),(21,6,'随时随地','随时随地','随时随地',76,'2015-05-23');

/*Table structure for table `article_comment` */

DROP TABLE IF EXISTS `article_comment`;

CREATE TABLE `article_comment` (
  `id` int(4) unsigned NOT NULL DEFAULT '0',
  `a_id` int(4) NOT NULL,
  `a_user` varchar(30) COLLATE utf8_bin DEFAULT NULL,
  `a_comment` varchar(1000) COLLATE utf8_bin DEFAULT NULL,
  `a_time` date DEFAULT NULL,
  PRIMARY KEY (`id`),
  KEY `aid` (`a_id`)
) ENGINE=InnoDB DEFAULT CHARSET=utf8 COLLATE=utf8_bin;

/*Data for the table `article_comment` */

insert  into `article_comment`(`id`,`a_id`,`a_user`,`a_comment`,`a_time`) values (2,3,'我的疲惫人生','执法部分应该查查所谓的\"爱狗人士”的根基，这帮人现在在全国闹得有点过分了，如果任由他们发展，他们这帮人不知还会做出哪些无法收拾的事情。','2015-05-24'),(3,3,'我的疲惫人生','执法部分应该查查所谓的\"爱狗人士”的根基，这帮人现在在全国闹得有点过分了，如果任由他们发展，他们这帮人不知还会做出哪些无法收拾的事情。','2015-05-24'),(4,12,'lennon','支持爱狗人士！支持这位交警，必须严惩虐待动物者','2015-05-24'),(5,12,'lennon','支持爱狗人士！支持这位交警，必须严惩虐待动物者','2015-05-24'),(6,12,'lennon','支持爱狗人士！支持这位交警，必须严惩虐待动物者','2015-05-24'),(7,2,'发反反复复','发反反复复','2015-06-06'),(8,2,'得到丰富','哥哥','2015-06-12'),(9,14,'反反复复','d大调','2015-06-12'),(10,2,'评论','评论平路评  ','2015-06-12'),(11,10,'灌灌灌灌','点点滴滴','2015-06-12'),(12,18,'规范大哥大神','的撒范德萨','2015-06-12'),(13,15,'方法反反复复','顶顶顶顶顶顶','2015-06-12'),(14,15,'罪行评论','地对地导弹','2015-06-12'),(15,15,'','','2015-06-12'),(16,3,'华国锋的回家啊啊','大方的规划和丰富的辅导辅导','2015-06-12'),(17,6,'hhhhhhhh','尴尬反反复复凤飞飞凤飞飞凤飞飞凤飞飞凤飞飞反复复发俺姐姐姐姐','2015-06-12');

/*Table structure for table `article_type` */

DROP TABLE IF EXISTS `article_type`;

CREATE TABLE `article_type` (
  `id` int(4) NOT NULL AUTO_INCREMENT COMMENT 'ID',
  `type_name` varchar(20) COLLATE utf8_bin DEFAULT NULL COMMENT '类型名称',
  `type_desc` varchar(50) COLLATE utf8_bin DEFAULT NULL COMMENT '类型描述',
  PRIMARY KEY (`id`)
) ENGINE=InnoDB AUTO_INCREMENT=7 DEFAULT CHARSET=utf8 COLLATE=utf8_bin;

/*Data for the table `article_type` */

insert  into `article_type`(`id`,`type_name`,`type_desc`) values (1,'网络文章','来自网络,实用,学习的好材料... '),(2,'我的日记','自己写的,希望对你有帮助... '),(3,'专业技术','关于java专业的文章'),(4,'经典美文','一些优美的文章,值得一看'),(6,'C课程设计','绝对原创的课程设计!');

/*Table structure for table `img` */

DROP TABLE IF EXISTS `img`;

CREATE TABLE `img` (
  `id` int(4) NOT NULL AUTO_INCREMENT COMMENT 'ID',
  `t_id` int(4) DEFAULT NULL COMMENT '相册类型ID',
  `imgname` varchar(23) COLLATE utf8_bin DEFAULT NULL COMMENT '图片名',
  `imgurl` varchar(20) COLLATE utf8_bin DEFAULT NULL COMMENT '存储地址',
  `imgdesc` varchar(30) COLLATE utf8_bin DEFAULT NULL COMMENT '图片描述',
  `time` date DEFAULT NULL COMMENT '上传时间',
  PRIMARY KEY (`id`),
  KEY `typeid` (`t_id`),
  CONSTRAINT `typeid` FOREIGN KEY (`t_id`) REFERENCES `img_type` (`id`)
) ENGINE=InnoDB AUTO_INCREMENT=112 DEFAULT CHARSET=utf8 COLLATE=utf8_bin;

/*Data for the table `img` */

insert  into `img`(`id`,`t_id`,`imgname`,`imgurl`,`imgdesc`,`time`) values (88,6,'0.jpg','img\\0.jpg','极光图片','2015-06-08'),(89,6,'88.jpg','img\\88.jpg','北极光图片','2015-06-08'),(90,6,'89.gif','img\\89.gif','北极光图片','2015-06-08'),(91,6,'90.jpg','img\\90.jpg','北极光图片','2015-06-08'),(92,5,'91.jpg','img\\91.jpg','创意摄影','2015-06-08'),(93,5,'92.jpg','img\\92.jpg','创意摄影','2015-06-08'),(94,5,'93.jpg','img\\93.jpg','创意摄影','2015-06-08'),(95,5,'94.jpg','img\\94.jpg','创意摄影','2015-06-08'),(96,4,'95.jpg','img\\95.jpg','卡通人物','2015-06-08'),(97,4,'96.jpg','img\\96.jpg','卡通人物','2015-06-08'),(98,4,'97.jpg','img\\97.jpg','卡通人物','2015-06-08'),(99,4,'98.jpg','img\\98.jpg','卡通人物','2015-06-08'),(100,4,'99.jpg','img\\99.jpg','卡通人物','2015-06-08'),(101,3,'100.jpg','img\\100.jpg','风景欣赏','2015-06-08'),(102,3,'101.jpg','img\\101.jpg','风景欣赏','2015-06-08'),(103,3,'102.jpg','img\\102.jpg','风景欣赏','2015-06-08'),(104,3,'103.jpg','img\\103.jpg','风景欣赏','2015-06-08'),(105,1,'104.jpg','img\\104.jpg','关于我','2015-06-08'),(106,1,'105.jpg','img\\105.jpg','关于我','2015-06-08'),(107,1,'106.jpg','img\\106.jpg','关于我','2015-06-08'),(108,0,'107.jpg','img\\107.jpg','默认相册技术风格是否是广发大幅度发大幅度的飞洒','2015-06-08'),(109,0,'108.jpg','img\\108.jpg','默认相册技术风格是否是广发大幅度发大幅度的飞洒','2015-06-08'),(110,0,'109.jpg','img\\109.jpg','默认相册技术风格是否是广发大幅度发大幅度的飞洒','2015-06-08'),(111,0,'110.jpg','img\\110.jpg','默认相册技术风格是否是广发大幅度发大幅度的飞洒','2015-06-08');

/*Table structure for table `img_type` */

DROP TABLE IF EXISTS `img_type`;

CREATE TABLE `img_type` (
  `id` int(4) NOT NULL COMMENT 'ID',
  `type_name` varchar(20) COLLATE utf8_bin DEFAULT NULL COMMENT '相册名字',
  `type_desc` varchar(50) COLLATE utf8_bin DEFAULT NULL COMMENT '相册描述',
  PRIMARY KEY (`id`)
) ENGINE=InnoDB DEFAULT CHARSET=utf8 COLLATE=utf8_bin;

/*Data for the table `img_type` */

insert  into `img_type`(`id`,`type_name`,`type_desc`) values (0,'默认相册','系统相册,不能编辑、删除'),(1,'关于我','我自己的相片哦'),(3,'风景','平时难得一看的风景哦'),(4,'卡通人物','卡通人物'),(5,'摄影','摄影作品'),(6,'极光','极光');

/*Table structure for table `leave_msg` */

DROP TABLE IF EXISTS `leave_msg`;

CREATE TABLE `leave_msg` (
  `id` int(11) NOT NULL AUTO_INCREMENT COMMENT 'ID',
  `name` varchar(20) COLLATE utf8_bin DEFAULT NULL COMMENT '留言人',
  `content` varchar(1000) COLLATE utf8_bin DEFAULT NULL COMMENT '留言内容',
  `time` date DEFAULT NULL COMMENT '留言时间',
  `revert` text COLLATE utf8_bin COMMENT '回复内容',
  PRIMARY KEY (`id`)
) ENGINE=InnoDB AUTO_INCREMENT=29 DEFAULT CHARSET=utf8 COLLATE=utf8_bin;

/*Data for the table `leave_msg` */

insert  into `leave_msg`(`id`,`name`,`content`,`time`,`revert`) values (1,'朋友','回复成功','2015-06-01','<font color=#ff0000>lennon</font>回复:说点什么啊啊啊啊啊啊啊啊啊啊</br><font color=#ff0000>Admin</font>回复:点开放垃圾费点卡的看法就离开</br>'),(3,'定波','随便说点什么啊','2015-06-01','呵呵呵'),(4,'王建文','随便说点什么啊','2015-06-01','呵呵呵'),(5,'yupu','随便说点什么啊','2015-06-01','呵呵呵'),(7,'小','小样，还不错啊。就是写的东西俗了点。哈哈！\n<p><font color=\"#ff0000\">博主(dukai)回复</font>:哈哈，不是我写的，转的，我写的是代码多些..</p>','2015-06-01','呵呵呵'),(8,'健康科技','随便说点什么啊','2015-06-01','呵呵呵'),(9,'小','切，得了吧。一看就知道是转的，一点水准都没有。咱才不屑于那些人比较呢。\n<p><font color=\"#ff0000\">博主(dukai)回复</font>: <img alt=\"\" src=\"http://www.dukai168.cn/fckeditor/editor/images/smiley/msn/41.gif\" />&nbsp; 哈哈</p>','2015-06-01','说点神么'),(10,'hehe','不错嘛，顶了。。。呵呵','2015-06-01','说点神么'),(12,'CK','不错哦，支持！\n<p><font color=\"#ff0000\">博主(dukai)回复</font>:呵呵，陈凯吧，多谢啦！</p>','2015-06-01','说点神么'),(13,'xczxcv','zxvxzvzx','2015-06-01','说点神么'),(16,'哈哈','来踩踩，哈哈哈，不错，再接再厉','2015-06-01','说点神么'),(17,'明哥','还可以，继续努力。。。。<br />\n<strong>明哥来看看~~~~</strong><img alt=\"\" src=\"http://www.dukai168.cn/fckeditor/editor/images/smiley/msn/43.gif\" /><img alt=\"\" src=\"http://www.dukai168.cn/fckeditor/editor/images/smiley/msn/43.gif\" /><img alt=\"\" src=\"http://www.dukai168.cn/fckeditor/editor/images/smiley/msn/43.gif\" /><img alt=\"\" src=\"http://www.dukai168.cn/fckeditor/editor/images/smiley/msn/43.gif\" />\n<p><font color=\"#ff0000\">博主(dukai)回复</font>:!!!!</p>','2015-06-01','说点神么'),(18,'何银兵','&nbsp;&nbsp; 做得不错啊！\n<p><font color=\"#ff0000\">博主(dukai)回复</font>:呵呵，还要你们的支持啊！！以后有空多来看看啊</p>','2015-06-01','说点神么'),(19,'老卢','继续加油！\n<p><font color=\"#ff0000\">博主(dukai)回复</font>: 呵呵，谢谢啦，一定的！</p>','2015-06-01','呵呵呵'),(20,'Ron','来看看，不错啊！','2015-06-01',NULL),(21,'大飞','可以啊，就是背景','2015-06-01',NULL),(22,'07级','有这份上不错啊！<br />','2015-06-01',NULL),(24,'打钵','在教他们做静态网页》这个就算了，拿不出手，以后做个好点的！</p>','2015-06-01',NULL),(25,'Anny','随便说点什么啊<br','2015-06-01',NULL),(27,'点点滴滴','灌灌灌灌','2015-06-12',NULL),(28,'看见看见','水电费萨顶顶的顶顶顶顶顶大沙发发的撒飞洒发放大师傅','2015-06-12',NULL);

/*Table structure for table `login` */

DROP TABLE IF EXISTS `login`;

CREATE TABLE `login` (
  `id` int(4) NOT NULL AUTO_INCREMENT COMMENT 'ID',
  `username` varchar(30) COLLATE utf8_bin DEFAULT NULL COMMENT '用户名',
  `password` varchar(32) COLLATE utf8_bin DEFAULT NULL COMMENT '密码',
  PRIMARY KEY (`id`)
) ENGINE=InnoDB AUTO_INCREMENT=3881 DEFAULT CHARSET=utf8 COLLATE=utf8_bin;

/*Data for the table `login` */

insert  into `login`(`id`,`username`,`password`) values (3870,'111111','111111'),(3871,'aaa','aaaaaa'),(3872,'2222','222222'),(3873,'111111','111111'),(3874,'ffffff','ffffff'),(3875,'rrrr','rrrrrr'),(3876,'111111','111111'),(3877,'2222222','222222'),(3878,'222','222222'),(3879,'55555','555555'),(3880,'333333','333333');

/*Table structure for table `userinfo` */

DROP TABLE IF EXISTS `userinfo`;

CREATE TABLE `userinfo` (
  `id` int(4) NOT NULL AUTO_INCREMENT COMMENT 'ID',
  `login_id` int(4) DEFAULT NULL COMMENT '管理员ID',
  `real_name` varchar(20) COLLATE utf8_bin DEFAULT NULL COMMENT '姓名',
  `email` varchar(30) COLLATE utf8_bin DEFAULT NULL COMMENT '邮箱',
  `regist_time` date DEFAULT NULL COMMENT '注册时间',
  `last_login_time` date DEFAULT NULL COMMENT '最后登录时间',
  PRIMARY KEY (`id`),
  KEY `loginid` (`login_id`)
) ENGINE=InnoDB AUTO_INCREMENT=3706 DEFAULT CHARSET=utf8 COLLATE=utf8_bin;

/*Data for the table `userinfo` */

insert  into `userinfo`(`id`,`login_id`,`real_name`,`email`,`regist_time`,`last_login_time`) values (3695,3870,'111111','1111111111@qq.com','2015-06-13','2015-06-13'),(3696,3871,'aaa','aaaaaa@qq.com','2015-06-13','2015-06-13'),(3697,3872,'2222','2222@qq.com','2015-06-13','2015-06-13'),(3698,3873,'111111','111111113@qq.com','2015-06-13','2015-06-13'),(3699,3874,'ffffff','ffffff@qq.com','2015-06-13','2015-06-13'),(3700,3875,'rrrrr','rr@qq.com','2015-06-13','2015-06-13'),(3701,3876,'111111','111111113@qq.com','2015-06-13','2015-06-13'),(3702,3877,'22222','22222222@qq.com','2015-06-13','2015-06-13'),(3703,3878,'22222','2222222@qq.com','2015-06-13','2015-06-13'),(3704,3879,'55555','55555@qq.com','2015-06-13','2015-06-13'),(3705,3880,'333333','333333@qq.com','2015-06-13','2015-06-13');

/* Procedure structure for procedure `first` */

/*!50003 DROP PROCEDURE IF EXISTS  `first` */;

DELIMITER $$

/*!50003 CREATE DEFINER=`root`@`localhost` PROCEDURE `first`()
BEGIN
    END */$$
DELIMITER ;

/*Table structure for table `blog` */

DROP TABLE IF EXISTS `blog`;

/*!50001 DROP VIEW IF EXISTS `blog` */;
/*!50001 DROP TABLE IF EXISTS `blog` */;

/*!50001 CREATE TABLE  `blog`(
 `id` int(4) ,
 `type_name` varchar(20) ,
 `type_desc` varchar(50) 
)*/;

/*View structure for view blog */

/*!50001 DROP TABLE IF EXISTS `blog` */;
/*!50001 DROP VIEW IF EXISTS `blog` */;

/*!50001 CREATE ALGORITHM=UNDEFINED DEFINER=`root`@`localhost` SQL SECURITY DEFINER VIEW `blog` AS (select `article_type`.`id` AS `id`,`article_type`.`type_name` AS `type_name`,`article_type`.`type_desc` AS `type_desc` from `article_type`) */;

/*!40101 SET SQL_MODE=@OLD_SQL_MODE */;
/*!40014 SET FOREIGN_KEY_CHECKS=@OLD_FOREIGN_KEY_CHECKS */;
/*!40014 SET UNIQUE_CHECKS=@OLD_UNIQUE_CHECKS */;
/*!40111 SET SQL_NOTES=@OLD_SQL_NOTES */;
